,DATE,AWND,PRCP,SNWD,TAVG
58197,2014-01-01,8.95,0.0,0.0,29.0
58198,2014-01-02,18.12,0.13,0.0,30.0
58199,2014-01-03,19.69,0.22,7.1,16.0
58200,2014-01-04,7.16,0.0,7.1,15.0
58201,2014-01-05,6.93,0.1,5.9,31.0
58202,2014-01-06,21.03,0.41,1.2,46.0
58203,2014-01-07,22.82,0.0,0.0,15.0
58204,2014-01-08,12.75,0.0,0.0,14.0
58205,2014-01-09,6.71,0.0,0.0,26.0
58206,2014-01-10,3.8,0.19,0.0,31.0
58207,2014-01-11,16.11,0.72,0.0,46.0
58208,2014-01-12,14.99,0.0,0.0,47.0
58209,2014-01-13,12.08,0.0,0.0,40.0
58210,2014-01-14,8.95,0.55,0.0,46.0
58211,2014-01-15,4.92,0.0,0.0,40.0
58212,2014-01-16,6.93,0.0,0.0,40.0
58213,2014-01-17,7.16,0.0,0.0,37.0
58214,2014-01-18,10.74,0.24,0.0,39.0
58215,2014-01-19,15.88,0.0,0.0,31.0
58216,2014-01-20,14.99,0.0,0.0,39.0
58217,2014-01-21,15.88,0.35,0.0,27.0
58218,2014-01-22,19.01,0.01,7.1,13.0
58219,2014-01-23,13.87,0.0,7.1,14.0
58220,2014-01-24,17.22,0.0,5.9,16.0
58221,2014-01-25,20.8,0.04,5.1,24.0
58222,2014-01-26,16.78,0.0,5.1,22.0
58223,2014-01-27,14.32,0.0,3.9,35.0
58224,2014-01-28,9.84,0.0,1.2,20.0
58225,2014-01-29,13.42,0.05,2.0,19.0
58226,2014-01-30,7.83,0.0,1.2,21.0
58227,2014-01-31,9.4,0.0,0.0,31.0
58228,2014-02-01,4.03,0.0,0.0,36.0
58229,2014-02-02,7.16,0.0,0.0,39.0
58230,2014-02-03,12.08,1.08,0.0,38.0
58231,2014-02-04,5.82,0.0,5.9,29.0
58232,2014-02-05,10.96,1.2,7.1,32.0
58233,2014-02-06,11.41,0.0,5.9,29.0
58234,2014-02-07,13.42,0.0,5.1,28.0
58235,2014-02-08,8.5,0.0,5.1,27.0
58236,2014-02-09,8.5,0.13,5.1,26.0
58237,2014-02-10,15.21,0.0,5.9,26.0
58238,2014-02-11,12.53,0.0,5.9,22.0
58239,2014-02-12,8.05,0.0,5.1,19.0
58240,2014-02-13,21.03,1.27,7.1,31.0
58241,2014-02-14,19.24,0.13,9.8,36.0
58242,2014-02-15,14.99,0.11,9.1,34.0
58243,2014-02-16,16.78,0.0,9.8,27.0
58244,2014-02-17,10.29,0.0,9.8,24.0
58245,2014-02-18,9.17,0.15,9.8,32.0
58246,2014-02-19,8.28,0.31,7.9,36.0
58247,2014-02-20,7.83,0.02,5.1,39.0
58248,2014-02-21,10.29,0.14,3.1,40.0
58249,2014-02-22,11.41,0.0,1.2,42.0
58250,2014-02-23,6.71,0.0,0.0,44.0
58251,2014-02-24,18.12,0.02,0.0,40.0
58252,2014-02-25,12.75,0.0,0.0,30.0
58253,2014-02-26,11.63,0.03,0.0,28.0
58254,2014-02-27,14.99,0.0,0.0,25.0
58255,2014-02-28,10.51,0.0,0.0,18.0
58256,2014-03-01,6.04,0.0,0.0,26.0
58257,2014-03-02,7.61,0.0,0.0,36.0
58258,2014-03-03,13.87,0.04,1.2,27.0
58259,2014-03-04,7.83,0.0,0.0,20.0
58260,2014-03-05,7.61,0.0,0.0,31.0
58261,2014-03-06,9.62,0.0,0.0,26.0
58262,2014-03-07,11.41,0.0,0.0,30.0
58263,2014-03-08,11.41,0.0,0.0,42.0
58264,2014-03-09,13.87,0.0,0.0,44.0
58265,2014-03-10,10.51,0.0,0.0,42.0
58266,2014-03-11,9.17,0.0,0.0,49.0
58267,2014-03-12,14.76,0.15,0.0,47.0
58268,2014-03-13,28.19,0.0,0.0,30.0
58269,2014-03-14,14.99,0.0,0.0,30.0
58270,2014-03-15,16.11,0.01,0.0,48.0
58271,2014-03-16,15.43,0.0,0.0,40.0
58272,2014-03-17,10.51,0.0,0.0,30.0
58273,2014-03-18,9.4,0.0,0.0,33.0
58274,2014-03-19,14.99,0.72,0.0,36.0
58275,2014-03-20,17.22,0.0,0.0,47.0
58276,2014-03-21,14.32,0.0,0.0,45.0
58277,2014-03-22,13.65,0.0,0.0,48.0
58278,2014-03-23,15.43,0.0,0.0,43.0
58279,2014-03-24,12.08,0.0,0.0,29.0
58280,2014-03-25,8.5,0.0,0.0,31.0
58281,2014-03-26,24.61,0.0,0.0,35.0
58282,2014-03-27,13.87,0.0,0.0,30.0
58283,2014-03-28,13.2,0.0,0.0,43.0
58284,2014-03-29,10.74,2.6,0.0,47.0
58285,2014-03-30,16.55,0.53,0.0,49.0
58286,2014-03-31,19.69,0.21,0.0,43.0
58287,2014-04-01,10.07,0.0,0.0,46.0
58288,2014-04-02,3.8,0.03,0.0,43.0
58289,2014-04-03,5.82,0.08,0.0,49.0
58290,2014-04-04,13.87,0.1,0.0,44.0
58291,2014-04-05,16.55,0.0,0.0,47.0
58292,2014-04-06,10.51,0.0,0.0,45.0
58293,2014-04-07,10.96,0.35,0.0,44.0
58294,2014-04-08,13.65,0.25,0.0,53.0
58295,2014-04-09,15.21,0.0,0.0,54.0
58296,2014-04-10,16.33,0.0,0.0,48.0
58297,2014-04-11,8.72,0.0,0.0,54.0
58298,2014-04-12,10.96,0.0,0.0,59.0
58299,2014-04-13,14.99,0.0,0.0,54.0
58300,2014-04-14,22.59,0.0,0.0,56.0
58301,2014-04-15,23.04,0.65,0.0,54.0
58302,2014-04-16,16.33,0.08,0.0,40.0
58303,2014-04-17,12.53,0.0,0.0,42.0
58304,2014-04-18,6.71,0.0,0.0,40.0
58305,2014-04-19,9.84,0.0,0.0,51.0
58306,2014-04-20,11.41,0.0,0.0,51.0
58307,2014-04-21,6.26,0.0,0.0,48.0
58308,2014-04-22,8.5,0.0,0.0,52.0
58309,2014-04-23,22.59,0.0,0.0,56.0
58310,2014-04-24,21.25,0.0,0.0,51.0
58311,2014-04-25,9.62,0.0,0.0,52.0
58312,2014-04-26,10.51,0.71,0.0,52.0
58313,2014-04-27,13.87,0.0,0.0,52.0
58314,2014-04-28,10.29,0.0,0.0,54.0
58315,2014-04-29,19.91,0.05,0.0,49.0
58316,2014-04-30,19.01,4.68,0.0,45.0
58317,2014-05-01,13.2,0.24,0.0,57.0
58318,2014-05-02,11.41,0.01,0.0,61.0
58319,2014-05-03,10.07,0.0,0.0,59.0
58320,2014-05-04,18.57,0.0,0.0,58.0
58321,2014-05-05,16.55,0.0,0.0,59.0
58322,2014-05-06,10.51,0.0,0.0,60.0
58323,2014-05-07,9.62,0.0,0.0,58.0
58324,2014-05-08,4.92,0.38,0.0,55.0
58325,2014-05-09,8.72,0.04,0.0,58.0
58326,2014-05-10,8.95,0.79,0.0,63.0
58327,2014-05-11,9.4,0.02,0.0,69.0
58328,2014-05-12,8.5,0.0,0.0,66.0
58329,2014-05-13,11.63,0.0,0.0,64.0
58330,2014-05-14,7.61,0.0,0.0,56.0
58331,2014-05-15,14.99,0.14,0.0,63.0
58332,2014-05-16,20.58,1.26,0.0,64.0
58333,2014-05-17,10.51,0.0,0.0,62.0
58334,2014-05-18,10.29,0.0,0.0,61.0
58335,2014-05-19,11.18,0.0,0.0,62.0
58336,2014-05-20,10.74,0.0,0.0,66.0
58337,2014-05-21,7.83,0.0,0.0,69.0
58338,2014-05-22,6.93,0.32,0.0,60.0
58339,2014-05-23,6.49,0.32,0.0,62.0
58340,2014-05-24,8.28,0.05,0.0,61.0
58341,2014-05-25,9.17,0.0,0.0,65.0
58342,2014-05-26,12.53,0.0,0.0,71.0
58343,2014-05-27,9.4,0.0,0.0,75.0
58344,2014-05-28,11.41,0.0,0.0,63.0
58345,2014-05-29,8.05,0.0,0.0,56.0
58346,2014-05-30,7.38,0.03,0.0,61.0
58347,2014-05-31,10.96,0.0,0.0,63.0
58348,2014-06-01,8.28,0.0,0.0,64.0
58349,2014-06-02,10.29,0.0,0.0,66.0
58350,2014-06-03,7.61,0.0,0.0,69.0
58351,2014-06-04,7.38,0.0,0.0,69.0
58352,2014-06-05,12.3,0.5,0.0,67.0
58353,2014-06-06,12.97,0.0,0.0,70.0
58354,2014-06-07,8.28,0.0,0.0,72.0
58355,2014-06-08,6.26,0.0,0.0,72.0
58356,2014-06-09,6.04,0.95,0.0,67.0
58357,2014-06-10,4.92,0.0,0.0,70.0
58358,2014-06-11,12.08,0.0,0.0,68.0
58359,2014-06-12,10.51,0.01,0.0,66.0
58360,2014-06-13,7.61,0.99,0.0,70.0
58361,2014-06-14,12.53,0.0,0.0,71.0
58362,2014-06-15,11.63,0.0,0.0,69.0
58363,2014-06-16,7.61,0.0,0.0,72.0
58364,2014-06-17,8.05,0.0,0.0,73.0
58365,2014-06-18,11.86,0.0,0.0,82.0
58366,2014-06-19,8.28,0.05,0.0,75.0
58367,2014-06-20,10.96,0.0,0.0,74.0
58368,2014-06-21,8.28,0.0,0.0,71.0
58369,2014-06-22,6.04,0.0,0.0,69.0
58370,2014-06-23,8.5,0.0,0.0,71.0
58371,2014-06-24,14.32,0.0,0.0,71.0
58372,2014-06-25,12.53,0.09,0.0,73.0
58373,2014-06-26,8.5,0.02,0.0,78.0
58374,2014-06-27,7.83,0.0,0.0,74.0
58375,2014-06-28,8.5,0.0,0.0,74.0
58376,2014-06-29,9.17,0.0,0.0,73.0
58377,2014-06-30,12.97,0.0,0.0,73.0
58378,2014-07-01,14.99,0.0,0.0,76.0
58379,2014-07-02,11.86,0.52,0.0,77.0
58380,2014-07-03,8.72,0.35,0.0,77.0
58381,2014-07-04,14.99,0.32,0.0,72.0
58382,2014-07-05,13.65,0.0,0.0,73.0
58383,2014-07-06,12.75,0.0,0.0,75.0
58384,2014-07-07,12.3,0.0,0.0,76.0
58385,2014-07-08,14.54,0.0,0.0,79.0
58386,2014-07-09,11.63,0.01,0.0,76.0
58387,2014-07-10,6.26,0.03,0.0,76.0
58388,2014-07-11,7.16,0.0,0.0,76.0
58389,2014-07-12,9.62,0.0,0.0,73.0
58390,2014-07-13,16.11,0.06,0.0,73.0
58391,2014-07-14,6.71,1.87,0.0,76.0
58392,2014-07-15,6.93,1.03,0.0,74.0
58393,2014-07-16,8.5,0.01,0.0,74.0
58394,2014-07-17,8.95,0.0,0.0,75.0
58395,2014-07-18,6.71,0.0,0.0,74.0
58396,2014-07-19,6.71,0.0,0.0,73.0
58397,2014-07-20,8.72,0.0,0.0,72.0
58398,2014-07-21,6.71,0.0,0.0,73.0
58399,2014-07-22,12.53,0.0,0.0,75.0
58400,2014-07-23,13.42,0.02,0.0,77.0
58401,2014-07-24,10.51,0.0,0.0,78.0
58402,2014-07-25,10.07,0.0,0.0,75.0
58403,2014-07-26,10.07,0.09,0.0,74.0
58404,2014-07-27,11.86,0.01,0.0,76.0
58405,2014-07-28,16.11,0.51,0.0,78.0
58406,2014-07-29,10.51,0.0,0.0,72.0
58407,2014-07-30,9.17,0.0,0.0,72.0
58408,2014-07-31,11.86,0.0,0.0,74.0
58409,2014-08-01,8.05,0.0,0.0,75.0
58410,2014-08-02,8.28,0.4,0.0,71.0
58411,2014-08-03,4.7,0.09,0.0,70.0
58412,2014-08-04,9.84,0.0,0.0,75.0
58413,2014-08-05,8.5,0.0,0.0,77.0
58414,2014-08-06,8.95,0.0,0.0,77.0
58415,2014-08-07,10.96,0.0,0.0,77.0
58416,2014-08-08,6.49,0.0,0.0,74.0
58417,2014-08-09,7.38,0.0,0.0,76.0
58418,2014-08-10,7.16,0.0,0.0,78.0
58419,2014-08-11,7.83,0.0,0.0,76.0
58420,2014-08-12,15.21,0.34,0.0,76.0
58421,2014-08-13,14.09,2.92,0.0,75.0
58422,2014-08-14,12.75,0.0,0.0,73.0
58423,2014-08-15,10.74,0.0,0.0,70.0
58424,2014-08-16,10.29,0.0,0.0,71.0
58425,2014-08-17,11.41,0.0,0.0,75.0
58426,2014-08-18,8.05,0.0,0.0,74.0
58427,2014-08-19,7.38,0.0,0.0,72.0
58428,2014-08-20,5.37,0.0,0.0,73.0
58429,2014-08-21,7.16,0.21,0.0,74.0
58430,2014-08-22,7.83,0.13,0.0,72.0
58431,2014-08-23,6.04,0.0,0.0,70.0
58432,2014-08-24,6.49,0.0,0.0,70.0
58433,2014-08-25,4.7,0.0,0.0,74.0
58434,2014-08-26,6.71,0.0,0.0,76.0
58435,2014-08-27,8.5,0.0,0.0,76.0
58436,2014-08-28,13.2,0.0,0.0,77.0
58437,2014-08-29,8.72,0.0,0.0,71.0
58438,2014-08-30,9.62,0.0,0.0,71.0
58439,2014-08-31,10.07,0.14,0.0,77.0
58440,2014-09-01,8.72,0.0,0.0,78.0
58441,2014-09-02,11.18,0.0,0.0,81.0
58442,2014-09-03,9.4,0.0,0.0,80.0
58443,2014-09-04,8.5,0.0,0.0,77.0
58444,2014-09-05,9.62,0.0,0.0,77.0
58445,2014-09-06,10.74,0.04,0.0,79.0
58446,2014-09-07,6.71,0.0,0.0,74.0
58447,2014-09-08,10.96,0.0,0.0,71.0
58448,2014-09-09,11.18,0.0,0.0,69.0
58449,2014-09-10,7.83,0.0,0.0,69.0
58450,2014-09-11,12.97,0.0,0.0,74.0
58451,2014-09-12,10.74,0.0,0.0,72.0
58452,2014-09-13,10.96,0.29,0.0,66.0
58453,2014-09-14,8.5,0.0,0.0,62.0
58454,2014-09-15,8.05,0.0,0.0,63.0
58455,2014-09-16,5.37,0.26,0.0,64.0
58456,2014-09-17,6.26,0.0,0.0,64.0
58457,2014-09-18,6.04,0.0,0.0,67.0
58458,2014-09-19,10.96,0.0,0.0,63.0
58459,2014-09-20,9.17,0.37,0.0,65.0
58460,2014-09-21,5.14,0.21,0.0,71.0
58461,2014-09-22,15.88,0.0,0.0,69.0
58462,2014-09-23,6.49,0.0,0.0,60.0
58463,2014-09-24,10.29,0.0,0.0,64.0
58464,2014-09-25,14.54,0.23,0.0,63.0
58465,2014-09-26,8.28,0.0,0.0,67.0
58466,2014-09-27,6.71,0.0,0.0,70.0
58467,2014-09-28,7.38,0.0,0.0,69.0
58468,2014-09-29,5.37,0.0,0.0,69.0
58469,2014-09-30,5.82,0.03,0.0,68.0
58470,2014-10-01,11.41,0.0,0.0,64.0
58471,2014-10-02,8.28,0.0,0.0,63.0
58472,2014-10-03,7.16,0.0,0.0,62.0
58473,2014-10-04,16.33,0.7,0.0,66.0
58474,2014-10-05,12.97,0.0,0.0,55.0
58475,2014-10-06,13.87,0.0,0.0,58.0
58476,2014-10-07,17.0,0.02,0.0,68.0
58477,2014-10-08,17.22,0.02,0.0,69.0
58478,2014-10-09,14.09,0.0,0.0,64.0
58479,2014-10-10,5.59,0.0,0.0,60.0
58480,2014-10-11,8.28,0.45,0.0,56.0
58481,2014-10-12,6.49,0.0,0.0,55.0
58482,2014-10-13,5.82,0.08,0.0,57.0
58483,2014-10-14,13.42,0.0,0.0,68.0
58484,2014-10-15,16.78,0.01,0.0,71.0
58485,2014-10-16,12.75,0.78,0.0,69.0
58486,2014-10-17,12.97,0.0,0.0,65.0
58487,2014-10-18,12.75,0.0,0.0,65.0
58488,2014-10-19,17.22,0.0,0.0,56.0
58489,2014-10-20,10.07,0.0,0.0,50.0
58490,2014-10-21,6.49,0.05,0.0,59.0
58491,2014-10-22,18.12,1.42,0.0,56.0
58492,2014-10-23,20.58,0.12,0.0,53.0
58493,2014-10-24,10.96,0.0,0.0,55.0
58494,2014-10-25,11.86,0.0,0.0,57.0
58495,2014-10-26,17.22,0.0,0.0,60.0
58496,2014-10-27,11.18,0.0,0.0,57.0
58497,2014-10-28,7.16,0.0,0.0,59.0
58498,2014-10-29,9.62,0.03,0.0,63.0
58499,2014-10-30,9.17,0.0,0.0,54.0
58500,2014-10-31,10.07,0.01,0.0,51.0
58501,2014-11-01,18.34,1.03,0.0,48.0
58502,2014-11-02,26.17,0.0,0.0,45.0
58503,2014-11-03,14.99,0.0,0.0,48.0
58504,2014-11-04,10.07,0.0,0.0,57.0
58505,2014-11-05,9.62,0.0,0.0,58.0
58506,2014-11-06,6.26,0.43,0.0,52.0
58507,2014-11-07,18.12,0.0,0.0,50.0
58508,2014-11-08,11.86,0.0,0.0,43.0
58509,2014-11-09,8.28,0.0,0.0,50.0
58510,2014-11-10,4.25,0.0,0.0,49.0
58511,2014-11-11,5.37,0.0,0.0,54.0
58512,2014-11-12,7.16,0.0,0.0,60.0
58513,2014-11-13,8.28,0.11,0.0,46.0
58514,2014-11-14,14.32,0.07,0.0,40.0
58515,2014-11-15,9.17,0.0,0.0,38.0
58516,2014-11-16,7.38,0.0,0.0,38.0
58517,2014-11-17,8.72,1.37,0.0,45.0
58518,2014-11-18,23.71,0.0,0.0,38.0
58519,2014-11-19,16.11,0.0,0.0,28.0
58520,2014-11-20,16.55,0.0,0.0,40.0
58521,2014-11-21,15.43,0.0,0.0,34.0
58522,2014-11-22,13.65,0.0,0.0,34.0
58523,2014-11-23,9.62,0.0,0.0,46.0
58524,2014-11-24,19.69,0.45,0.0,57.0
58525,2014-11-25,10.96,0.0,0.0,57.0
58526,2014-11-26,15.66,1.0,0.0,44.0
58527,2014-11-27,10.96,0.02,0.0,37.0
58528,2014-11-28,13.42,0.0,0.0,35.0
58529,2014-11-29,6.26,0.0,0.0,31.0
58530,2014-11-30,10.29,0.0,0.0,48.0
58531,2014-12-01,9.4,0.07,0.0,54.0
58532,2014-12-02,13.65,0.09,0.0,41.0
58533,2014-12-03,11.41,0.15,0.0,45.0
58534,2014-12-04,10.07,0.0,0.0,42.0
58535,2014-12-05,10.07,0.55,0.0,40.0
58536,2014-12-06,7.38,1.24,0.0,48.0
58537,2014-12-07,21.7,0.05,0.0,41.0
58538,2014-12-08,15.43,0.0,0.0,31.0
58539,2014-12-09,21.92,3.04,0.0,40.0
58540,2014-12-10,16.33,0.11,0.0,40.0
58541,2014-12-11,16.78,0.0,0.0,35.0
58542,2014-12-12,15.66,0.0,0.0,36.0
58543,2014-12-13,16.33,0.0,0.0,38.0
58544,2014-12-14,11.86,0.0,0.0,41.0
58545,2014-12-15,4.92,0.0,0.0,41.0
58546,2014-12-16,4.03,0.3,0.0,41.0
58547,2014-12-17,12.75,0.03,0.0,49.0
58548,2014-12-18,16.11,0.0,0.0,42.0
58549,2014-12-19,14.54,0.0,0.0,38.0
58550,2014-12-20,6.49,0.0,0.0,33.0
58551,2014-12-21,7.16,0.0,0.0,35.0
58552,2014-12-22,8.5,0.04,0.0,40.0
58553,2014-12-23,11.41,0.21,0.0,48.0
58554,2014-12-24,10.51,1.05,0.0,49.0
58555,2014-12-25,17.0,0.06,0.0,52.0
58556,2014-12-26,10.51,0.0,0.0,45.0
58557,2014-12-27,6.26,0.0,0.0,44.0
58558,2014-12-28,10.51,0.05,0.0,47.0
58559,2014-12-29,10.96,0.0,0.0,43.0
58560,2014-12-30,9.4,0.0,0.0,34.0
58561,2014-12-31,11.86,0.0,0.0,30.0
58562,2015-01-01,17.22,0.0,0.0,33.0
58563,2015-01-02,13.65,0.0,0.0,39.0
58564,2015-01-03,9.17,0.94,0.0,36.0
58565,2015-01-04,10.07,0.47,0.0,47.0
58566,2015-01-05,19.69,0.0,0.0,43.0
58567,2015-01-06,8.5,0.07,0.0,22.0
58568,2015-01-07,21.47,0.0,1.2,22.0
58569,2015-01-08,17.22,0.0,0.0,14.0
58570,2015-01-09,19.69,0.07,0.0,26.0
58571,2015-01-10,16.55,0.0,1.2,22.0
58572,2015-01-11,10.96,0.0,1.2,26.0
58573,2015-01-12,6.04,0.7,0.0,36.0
58574,2015-01-13,15.21,0.0,0.0,32.0
58575,2015-01-14,11.63,0.0,0.0,24.0
58576,2015-01-15,9.84,0.0,0.0,31.0
58577,2015-01-16,18.34,0.0,0.0,34.0
58578,2015-01-17,10.51,0.0,0.0,23.0
58579,2015-01-18,6.26,1.62,0.0,36.0
58580,2015-01-19,15.21,0.0,0.0,40.0
58581,2015-01-20,12.08,0.0,0.0,39.0
58582,2015-01-21,6.04,0.0,0.0,32.0
58583,2015-01-22,8.05,0.0,0.0,35.0
58584,2015-01-23,10.51,0.0,0.0,33.0
58585,2015-01-24,11.41,0.75,3.1,35.0
58586,2015-01-25,14.99,0.0,0.0,39.0
58587,2015-01-26,18.34,0.33,0.0,28.0
58588,2015-01-27,19.01,0.31,9.1,25.0
58589,2015-01-28,13.87,0.0,9.8,24.0
58590,2015-01-29,8.28,0.01,9.1,25.0
58591,2015-01-30,18.79,0.04,9.1,35.0
58592,2015-01-31,23.04,0.0,7.1,21.0
58593,2015-02-01,8.72,0.03,7.1,27.0
58594,2015-02-02,19.01,1.18,7.9,32.0
58595,2015-02-03,14.32,0.0,7.9,20.0
58596,2015-02-04,13.65,0.0,7.9,31.0
58597,2015-02-05,19.69,0.0,5.1,33.0
58598,2015-02-06,14.09,0.0,5.1,19.0
58599,2015-02-07,8.28,0.0,3.9,30.0
58600,2015-02-08,8.72,0.0,3.9,37.0
58601,2015-02-09,17.22,0.14,2.0,28.0
58602,2015-02-10,15.43,0.0,2.0,30.0
58603,2015-02-11,10.07,0.0,2.0,30.0
58604,2015-02-12,13.2,0.0,1.2,31.0
58605,2015-02-13,18.79,0.0,1.2,19.0
58606,2015-02-14,10.51,0.01,1.2,24.0
58607,2015-02-15,27.74,0.01,1.2,21.0
58608,2015-02-16,14.76,0.0,1.2,11.0
58609,2015-02-17,6.93,0.19,3.9,20.0
58610,2015-02-18,5.82,0.0,3.1,23.0
58611,2015-02-19,21.25,0.0,2.0,22.0
58612,2015-02-20,18.79,0.0,2.0,11.0
58613,2015-02-21,9.84,0.59,1.2,21.0
58614,2015-02-22,4.03,0.2,5.1,34.0
58615,2015-02-23,19.01,0.0,3.1,29.0
58616,2015-02-24,9.4,0.0,3.1,13.0
58617,2015-02-25,10.74,0.0,2.0,28.0
58618,2015-02-26,12.75,0.0,2.0,28.0
58619,2015-02-27,10.29,0.0,2.0,25.0
58620,2015-02-28,8.28,0.0,1.2,23.0
58621,2015-03-01,4.7,0.51,1.2,26.0
58622,2015-03-02,15.21,0.0,3.9,33.0
58623,2015-03-03,8.95,0.7,3.1,29.0
58624,2015-03-04,10.96,0.3,3.1,37.0
58625,2015-03-05,13.2,0.73,1.2,33.0
58626,2015-03-06,9.62,0.0,7.1,20.0
58627,2015-03-07,11.86,0.0,5.9,26.0
58628,2015-03-08,9.84,0.0,3.9,39.0
58629,2015-03-09,8.5,0.02,2.0,42.0
58630,2015-03-10,3.13,0.49,1.2,42.0
58631,2015-03-11,11.63,0.02,0.0,49.0
58632,2015-03-12,19.69,0.0,0.0,47.0
58633,2015-03-13,8.05,0.0,0.0,37.0
58634,2015-03-14,8.95,1.11,0.0,43.0
58635,2015-03-15,20.13,0.0,0.0,45.0
58636,2015-03-16,8.72,0.0,0.0,41.0
58637,2015-03-17,18.34,0.02,0.0,47.0
58638,2015-03-18,18.79,0.0,0.0,35.0
58639,2015-03-19,11.86,0.0,0.0,35.0
58640,2015-03-20,10.29,0.33,0.0,35.0
58641,2015-03-21,9.17,0.02,3.1,35.0
58642,2015-03-22,17.22,0.0,0.0,41.0
58643,2015-03-23,15.43,0.0,0.0,32.0
58644,2015-03-24,8.5,0.0,0.0,34.0
58645,2015-03-25,5.59,0.12,0.0,37.0
58646,2015-03-26,9.4,0.25,0.0,45.0
58647,2015-03-27,10.96,0.23,0.0,45.0
58648,2015-03-28,17.45,0.0,0.0,39.0
58649,2015-03-29,13.65,0.0,0.0,34.0
58650,2015-03-30,14.99,0.0,0.0,42.0
58651,2015-03-31,11.86,0.03,0.0,44.0
58652,2015-04-01,11.41,0.0,0.0,42.0
58653,2015-04-02,14.32,0.0,0.0,46.0
58654,2015-04-03,7.61,0.11,0.0,50.0
58655,2015-04-04,20.8,0.0,0.0,51.0
58656,2015-04-05,12.97,0.0,0.0,50.0
58657,2015-04-06,10.51,0.0,0.0,49.0
58658,2015-04-07,8.5,0.03,0.0,51.0
58659,2015-04-08,14.54,0.01,0.0,45.0
58660,2015-04-09,11.41,0.0,0.0,40.0
58661,2015-04-10,8.28,0.19,0.0,44.0
58662,2015-04-11,16.78,0.0,0.0,56.0
58663,2015-04-12,8.95,0.0,0.0,51.0
58664,2015-04-13,14.32,0.0,0.0,51.0
58665,2015-04-14,5.82,0.04,0.0,56.0
58666,2015-04-15,12.08,0.0,0.0,60.0
58667,2015-04-16,10.96,0.0,0.0,56.0
58668,2015-04-17,9.84,0.11,0.0,56.0
58669,2015-04-18,9.17,0.0,0.0,62.0
58670,2015-04-19,12.08,0.0,0.0,56.0
58671,2015-04-20,15.66,0.87,0.0,51.0
58672,2015-04-21,12.08,0.06,0.0,58.0
58673,2015-04-22,13.87,0.19,0.0,55.0
58674,2015-04-23,18.79,0.0,0.0,48.0
58675,2015-04-24,21.7,0.0,0.0,44.0
58676,2015-04-25,10.74,0.0,0.0,46.0
58677,2015-04-26,10.51,0.0,0.0,51.0
58678,2015-04-27,14.76,0.0,0.0,55.0
58679,2015-04-28,13.65,0.0,0.0,58.0
58680,2015-04-29,11.86,0.0,0.0,63.0
58681,2015-04-30,12.53,0.0,0.0,55.0
58682,2015-05-01,8.05,0.0,0.0,51.0
58683,2015-05-02,6.93,0.0,0.0,51.0
58684,2015-05-03,7.61,0.0,0.0,55.0
58685,2015-05-04,10.07,0.0,0.0,61.0
58686,2015-05-05,5.37,0.0,0.0,67.0
58687,2015-05-06,7.61,0.0,0.0,65.0
58688,2015-05-07,6.26,0.0,0.0,62.0
58689,2015-05-08,5.82,0.0,0.0,60.0
58690,2015-05-09,6.26,0.02,0.0,61.0
58691,2015-05-10,9.62,0.0,0.0,64.0
58692,2015-05-11,9.4,0.0,0.0,68.0
58693,2015-05-12,12.75,0.01,0.0,73.0
58694,2015-05-13,16.55,0.0,0.0,67.0
58695,2015-05-14,11.63,0.0,0.0,60.0
58696,2015-05-15,11.41,0.0,0.0,61.0
58697,2015-05-16,5.14,0.41,0.0,62.0
58698,2015-05-17,6.49,0.0,0.0,69.0
58699,2015-05-18,9.62,0.0,0.0,63.0
58700,2015-05-19,5.59,0.0,0.0,62.0
58701,2015-05-20,15.88,0.0,0.0,63.0
58702,2015-05-21,6.26,0.0,0.0,56.0
58703,2015-05-22,13.65,0.0,0.0,63.0
58704,2015-05-23,14.76,0.0,0.0,60.0
58705,2015-05-24,14.09,0.0,0.0,62.0
58706,2015-05-25,12.75,0.0,0.0,66.0
58707,2015-05-26,12.75,0.0,0.0,68.0
58708,2015-05-27,14.09,0.0,0.0,66.0
58709,2015-05-28,7.61,0.0,0.0,65.0
58710,2015-05-29,7.38,0.0,0.0,71.0
58711,2015-05-30,13.87,0.0,0.0,69.0
58712,2015-05-31,10.29,0.02,0.0,69.0
58713,2015-06-01,12.08,0.78,0.0,62.0
58714,2015-06-02,10.07,0.34,0.0,53.0
58715,2015-06-03,8.72,0.0,0.0,58.0
58716,2015-06-04,11.41,0.0,0.0,59.0
58717,2015-06-05,5.37,0.0,0.0,60.0
58718,2015-06-06,8.95,0.2,0.0,66.0
58719,2015-06-07,8.95,0.0,0.0,64.0
58720,2015-06-08,18.12,0.02,0.0,66.0
58721,2015-06-09,13.65,0.0,0.0,70.0
58722,2015-06-10,10.96,0.0,0.0,74.0
58723,2015-06-11,9.62,0.0,0.0,75.0
58724,2015-06-12,10.29,0.0,0.0,78.0
58725,2015-06-13,10.74,0.0,0.0,80.0
58726,2015-06-14,8.05,0.31,0.0,75.0
58727,2015-06-15,8.28,1.09,0.0,72.0
58728,2015-06-16,6.71,0.08,0.0,69.0
58729,2015-06-17,9.62,0.0,0.0,74.0
58730,2015-06-18,8.05,0.0,0.0,67.0
58731,2015-06-19,6.71,0.0,0.0,74.0
58732,2015-06-20,10.51,0.32,0.0,72.0
58733,2015-06-21,12.97,0.51,0.0,77.0
58734,2015-06-22,11.41,0.0,0.0,82.0
58735,2015-06-23,10.96,0.02,0.0,79.0
58736,2015-06-24,10.96,0.0,0.0,79.0
58737,2015-06-25,9.17,0.0,0.0,76.0
58738,2015-06-26,6.71,0.0,0.0,74.0
58739,2015-06-27,11.86,1.02,0.0,68.0
58740,2015-06-28,10.29,0.3,0.0,67.0
58741,2015-06-29,12.53,0.0,0.0,72.0
58742,2015-06-30,12.08,0.0,0.0,73.0
58743,2015-07-01,13.65,0.26,0.0,76.0
58744,2015-07-02,5.37,0.03,0.0,77.0
58745,2015-07-03,8.5,0.0,0.0,73.0
58746,2015-07-04,5.82,0.01,0.0,73.0
58747,2015-07-05,9.84,0.0,0.0,74.0
58748,2015-07-06,7.83,0.0,0.0,75.0
58749,2015-07-07,11.63,0.0,0.0,78.0
58750,2015-07-08,7.38,0.53,0.0,80.0
58751,2015-07-09,8.5,0.32,0.0,75.0
58752,2015-07-10,10.51,0.0,0.0,77.0
58753,2015-07-11,7.38,0.0,0.0,78.0
58754,2015-07-12,8.05,0.0,0.0,78.0
58755,2015-07-13,7.16,0.0,0.0,77.0
58756,2015-07-14,5.82,0.13,0.0,76.0
58757,2015-07-15,8.5,0.04,0.0,77.0
58758,2015-07-16,10.29,0.0,0.0,73.0
58759,2015-07-17,12.08,0.0,0.0,72.0
58760,2015-07-18,11.41,0.02,0.0,76.0
58761,2015-07-19,9.62,0.0,0.0,80.0
58762,2015-07-20,10.51,0.0,0.0,85.0
58763,2015-07-21,9.62,0.0,0.0,84.0
58764,2015-07-22,13.42,0.0,0.0,80.0
58765,2015-07-23,9.84,0.0,0.0,79.0
58766,2015-07-24,8.05,0.0,0.0,78.0
58767,2015-07-25,8.72,0.0,0.0,78.0
58768,2015-07-26,13.42,0.0,0.0,79.0
58769,2015-07-27,9.17,0.0,0.0,78.0
58770,2015-07-28,8.72,0.0,0.0,80.0
58771,2015-07-29,10.07,0.0,0.0,84.0
58772,2015-07-30,11.41,0.97,0.0,79.0
58773,2015-07-31,8.05,0.0,0.0,81.0
58774,2015-08-01,12.53,0.0,0.0,82.0
58775,2015-08-02,8.05,0.0,0.0,81.0
58776,2015-08-03,13.2,0.0,0.0,79.0
58777,2015-08-04,11.63,0.01,0.0,81.0
58778,2015-08-05,10.51,0.0,0.0,82.0
58779,2015-08-06,6.71,0.0,0.0,78.0
58780,2015-08-07,8.05,0.0,0.0,77.0
58781,2015-08-08,6.71,0.0,0.0,75.0
58782,2015-08-09,8.72,0.0,0.0,75.0
58783,2015-08-10,9.62,0.0,0.0,75.0
58784,2015-08-11,13.42,1.13,0.0,76.0
58785,2015-08-12,11.18,0.0,0.0,79.0
58786,2015-08-13,7.61,0.0,0.0,77.0
58787,2015-08-14,8.28,0.0,0.0,77.0
58788,2015-08-15,10.29,0.0,0.0,78.0
58789,2015-08-16,7.16,0.0,0.0,80.0
58790,2015-08-17,9.17,0.0,0.0,80.0
58791,2015-08-18,12.3,0.0,0.0,80.0
58792,2015-08-19,10.51,0.0,0.0,80.0
58793,2015-08-20,13.2,0.0,0.0,81.0
58794,2015-08-21,8.5,2.48,0.0,79.0
58795,2015-08-22,8.72,0.0,0.0,78.0
58796,2015-08-23,5.14,0.0,0.0,76.0
58797,2015-08-24,7.61,0.0,0.0,77.0
58798,2015-08-25,11.18,0.01,0.0,79.0
58799,2015-08-26,10.07,0.0,0.0,77.0
58800,2015-08-27,9.4,0.0,0.0,76.0
58801,2015-08-28,6.71,0.0,0.0,73.0
58802,2015-08-29,8.72,0.0,0.0,76.0
58803,2015-08-30,9.62,0.0,0.0,77.0
58804,2015-08-31,11.41,0.0,0.0,81.0
58805,2015-09-01,6.93,0.0,0.0,81.0
58806,2015-09-02,8.72,0.0,0.0,78.0
58807,2015-09-03,5.37,0.0,0.0,81.0
58808,2015-09-04,10.96,0.0,0.0,78.0
58809,2015-09-05,6.93,0.0,0.0,72.0
58810,2015-09-06,6.93,0.0,0.0,71.0
58811,2015-09-07,12.08,0.0,0.0,76.0
58812,2015-09-08,12.75,0.0,0.0,80.0
58813,2015-09-09,11.18,0.07,0.0,79.0
58814,2015-09-10,8.05,1.18,0.0,76.0
58815,2015-09-11,10.07,0.03,0.0,73.0
58816,2015-09-12,11.63,0.27,0.0,74.0
58817,2015-09-13,12.3,0.04,0.0,72.0
58818,2015-09-14,14.09,0.0,0.0,68.0
58819,2015-09-15,7.61,0.0,0.0,72.0
58820,2015-09-16,4.25,0.0,0.0,74.0
58821,2015-09-17,6.26,0.0,0.0,74.0
58822,2015-09-18,6.93,0.0,0.0,74.0
58823,2015-09-19,9.17,0.0,0.0,73.0
58824,2015-09-20,14.09,0.0,0.0,74.0
58825,2015-09-21,10.51,0.0,0.0,66.0
58826,2015-09-22,9.62,0.0,0.0,67.0
58827,2015-09-23,5.82,0.0,0.0,68.0
58828,2015-09-24,7.61,0.0,0.0,69.0
58829,2015-09-25,9.17,0.0,0.0,68.0
58830,2015-09-26,10.51,0.0,0.0,66.0
58831,2015-09-27,7.16,0.0,0.0,63.0
58832,2015-09-28,6.04,0.04,0.0,68.0
58833,2015-09-29,7.38,0.13,0.0,73.0
58834,2015-09-30,16.33,0.82,0.0,73.0
58835,2015-10-01,14.99,0.08,0.0,60.0
58836,2015-10-02,18.57,1.81,0.0,54.0
58837,2015-10-03,19.46,0.16,0.0,53.0
58838,2015-10-04,15.43,0.0,0.0,58.0
58839,2015-10-05,11.86,0.0,0.0,58.0
58840,2015-10-06,5.82,0.0,0.0,61.0
58841,2015-10-07,7.16,0.0,0.0,64.0
58842,2015-10-08,6.26,0.0,0.0,64.0
58843,2015-10-09,13.42,0.28,0.0,66.0
58844,2015-10-10,9.4,0.0,0.0,61.0
58845,2015-10-11,9.62,0.0,0.0,58.0
58846,2015-10-12,8.5,0.0,0.0,62.0
58847,2015-10-13,9.4,0.0,0.0,66.0
58848,2015-10-14,11.63,0.0,0.0,65.0
58849,2015-10-15,11.18,0.0,0.0,59.0
58850,2015-10-16,12.3,0.0,0.0,60.0
58851,2015-10-17,13.87,0.0,0.0,54.0
58852,2015-10-18,13.2,0.0,0.0,45.0
58853,2015-10-19,10.96,0.0,0.0,43.0
58854,2015-10-20,15.66,0.0,0.0,56.0
58855,2015-10-21,6.04,0.0,0.0,61.0
58856,2015-10-22,9.4,0.0,0.0,61.0
58857,2015-10-23,14.54,0.0,0.0,60.0
58858,2015-10-24,9.4,0.0,0.0,49.0
58859,2015-10-25,14.54,0.02,0.0,61.0
58860,2015-10-26,6.71,0.0,0.0,53.0
58861,2015-10-27,7.83,0.0,0.0,51.0
58862,2015-10-28,19.69,1.79,0.0,57.0
58863,2015-10-29,15.43,0.06,0.0,67.0
58864,2015-10-30,13.65,0.0,0.0,58.0
58865,2015-10-31,6.71,0.0,0.0,49.0
58866,2015-11-01,12.08,0.0,0.0,58.0
58867,2015-11-02,4.92,0.0,0.0,59.0
58868,2015-11-03,4.47,0.0,0.0,56.0
58869,2015-11-04,6.26,0.0,0.0,60.0
58870,2015-11-05,3.58,0.01,0.0,60.0
58871,2015-11-06,9.4,0.0,0.0,65.0
58872,2015-11-07,11.18,0.0,0.0,65.0
58873,2015-11-08,9.84,0.0,0.0,54.0
58874,2015-11-09,3.36,0.0,0.0,50.0
58875,2015-11-10,12.08,0.45,0.0,57.0
58876,2015-11-11,12.75,0.09,0.0,54.0
58877,2015-11-12,10.96,0.05,0.0,56.0
58878,2015-11-13,20.36,0.0,0.0,57.0
58879,2015-11-14,17.45,0.0,0.0,49.0
58880,2015-11-15,12.75,0.0,0.0,48.0
58881,2015-11-16,9.17,0.0,0.0,56.0
58882,2015-11-17,8.05,0.0,0.0,50.0
58883,2015-11-18,11.18,0.0,0.0,50.0
58884,2015-11-19,19.01,0.58,0.0,60.0
58885,2015-11-20,12.75,0.0,0.0,59.0
58886,2015-11-21,10.51,0.0,0.0,48.0
58887,2015-11-22,12.97,0.0,0.0,53.0
58888,2015-11-23,15.21,0.0,0.0,42.0
58889,2015-11-24,6.93,0.0,0.0,39.0
58890,2015-11-25,3.8,0.0,0.0,42.0
58891,2015-11-26,6.49,0.0,0.0,46.0
58892,2015-11-27,5.37,0.0,0.0,54.0
58893,2015-11-28,8.05,0.02,0.0,55.0
58894,2015-11-29,11.41,0.0,0.0,44.0
58895,2015-11-30,8.95,0.0,0.0,41.0
58896,2015-12-01,10.96,0.29,0.0,48.0
58897,2015-12-02,4.47,0.12,0.0,50.0
58898,2015-12-03,16.11,0.0,0.0,52.0
58899,2015-12-04,10.51,0.0,0.0,47.0
58900,2015-12-05,5.37,0.0,0.0,45.0
58901,2015-12-06,6.49,0.0,0.0,45.0
58902,2015-12-07,7.61,0.0,0.0,47.0
58903,2015-12-08,7.83,0.0,0.0,46.0
58904,2015-12-09,7.61,0.0,0.0,44.0
58905,2015-12-10,6.71,0.0,0.0,54.0
58906,2015-12-11,6.04,0.0,0.0,52.0
58907,2015-12-12,4.25,0.0,0.0,56.0
58908,2015-12-13,6.93,0.0,0.0,58.0
58909,2015-12-14,10.74,0.36,0.0,55.0
58910,2015-12-15,18.34,0.09,0.0,60.0
58911,2015-12-16,9.17,0.05,0.0,51.0
58912,2015-12-17,9.17,1.17,0.0,54.0
58913,2015-12-18,13.65,0.01,0.0,52.0
58914,2015-12-19,20.13,0.0,0.0,39.0
58915,2015-12-20,11.41,0.0,0.0,40.0
58916,2015-12-21,11.86,0.0,0.0,46.0
58917,2015-12-22,8.5,0.19,0.0,54.0
58918,2015-12-23,10.07,1.16,0.0,54.0
58919,2015-12-24,10.96,0.02,0.0,62.0
58920,2015-12-25,2.01,0.1,0.0,59.0
58921,2015-12-26,10.74,0.01,0.0,56.0
58922,2015-12-27,12.3,0.08,0.0,54.0
58923,2015-12-28,14.09,0.05,0.0,45.0
58924,2015-12-29,11.86,0.66,0.0,42.0
58925,2015-12-30,6.71,0.37,0.0,43.0
58926,2015-12-31,12.3,0.06,0.0,48.0
58927,2016-01-01,14.54,0.0,0.0,42.0
57403,2016-01-01,14.54,0.0,0.0,42.0
57404,2016-01-02,12.97,0.0,0.0,38.0
57405,2016-01-03,14.09,0.0,0.0,40.0
57406,2016-01-04,19.91,0.0,0.0,34.0
57407,2016-01-05,12.3,0.0,0.0,19.0
57408,2016-01-06,7.61,0.0,0.0,29.0
57409,2016-01-07,3.8,0.0,0.0,37.0
57410,2016-01-08,8.95,0.0,0.0,40.0
57411,2016-01-09,11.63,0.02,0.0,45.0
57412,2016-01-10,21.03,1.28,0.0,52.0
57413,2016-01-11,19.69,0.0,0.0,38.0
57414,2016-01-12,13.87,0.0,0.0,33.0
57415,2016-01-13,20.8,0.0,0.0,29.0
57416,2016-01-14,10.51,0.0,0.0,29.0
57417,2016-01-15,6.93,0.0,0.0,40.0
57418,2016-01-16,13.65,0.33,0.0,48.0
57419,2016-01-17,10.51,0.05,0.0,39.0
57420,2016-01-18,21.47,0.0,1.2,29.0
57421,2016-01-19,21.92,0.0,0.0,23.0
57422,2016-01-20,12.08,0.0,0.0,32.0
57423,2016-01-21,13.65,0.0,0.0,33.0
57424,2016-01-22,11.41,0.01,0.0,27.0
57425,2016-01-23,25.05,2.9,7.1,29.0
57426,2016-01-24,12.75,0.0,28.0,27.0
57427,2016-01-25,4.25,0.0,26.0,31.0
57428,2016-01-26,9.62,0.0,22.0,39.0
57429,2016-01-27,11.41,0.0,15.0,43.0
57430,2016-01-28,3.58,0.0,11.0,35.0
57431,2016-01-29,13.2,0.0,9.1,38.0
57432,2016-01-30,11.41,0.0,7.1,33.0
57433,2016-01-31,8.5,0.0,5.1,40.0
57434,2016-02-01,9.62,0.0,2.0,48.0
57435,2016-02-02,5.59,0.0,0.0,44.0
57436,2016-02-03,16.11,0.44,0.0,47.0
57437,2016-02-04,9.62,0.04,0.0,53.0
57438,2016-02-05,17.22,0.76,1.2,39.0
57439,2016-02-06,8.5,0.0,3.9,33.0
57440,2016-02-07,6.93,0.0,2.0,37.0
57441,2016-02-08,15.21,0.16,1.2,36.0
57442,2016-02-09,6.49,0.0,2.0,30.0
57443,2016-02-10,12.97,0.02,1.2,35.0
57444,2016-02-11,21.92,0.0,0.0,28.0
57445,2016-02-12,11.86,0.0,0.0,22.0
57446,2016-02-13,23.04,0.0,0.0,22.0
57447,2016-02-14,14.32,0.0,0.0,8.0
57448,2016-02-15,6.71,0.64,0.0,19.0
57449,2016-02-16,18.34,0.47,0.0,46.0
57450,2016-02-17,12.75,0.0,0.0,40.0
57451,2016-02-18,15.21,0.0,0.0,35.0
57452,2016-02-19,9.62,0.0,0.0,30.0
57453,2016-02-20,13.87,0.0,0.0,46.0
57454,2016-02-21,7.16,0.08,0.0,49.0
57455,2016-02-22,7.38,0.0,0.0,45.0
57456,2016-02-23,15.43,0.29,0.0,39.0
57457,2016-02-24,19.01,1.05,0.0,44.0
57458,2016-02-25,23.49,0.04,0.0,50.0
57459,2016-02-26,20.58,0.0,0.0,38.0
57460,2016-02-27,14.09,0.0,0.0,33.0
57461,2016-02-28,14.76,0.0,0.0,43.0
57462,2016-02-29,14.99,0.06,0.0,48.0
57463,2016-03-01,13.87,0.0,0.0,46.0
57464,2016-03-02,23.49,0.16,0.0,47.0
57465,2016-03-03,12.08,0.0,0.0,32.0
57466,2016-03-04,12.75,0.13,1.2,33.0
57467,2016-03-05,9.17,0.0,0.0,35.0
57468,2016-03-06,6.71,0.0,0.0,37.0
57469,2016-03-07,12.3,0.0,0.0,42.0
57470,2016-03-08,6.71,0.0,0.0,51.0
57471,2016-03-09,5.37,0.0,0.0,50.0
57472,2016-03-10,6.26,0.0,0.0,59.0
57473,2016-03-11,12.3,0.02,0.0,61.0
57474,2016-03-12,8.5,0.0,0.0,49.0
57475,2016-03-13,8.05,0.0,0.0,55.0
57476,2016-03-14,17.22,0.47,0.0,48.0
57477,2016-03-15,11.41,0.0,0.0,49.0
57478,2016-03-16,6.49,0.01,0.0,50.0
57479,2016-03-17,9.17,0.0,0.0,51.0
57480,2016-03-18,16.55,0.0,0.0,52.0
57481,2016-03-19,7.16,0.0,0.0,44.0
57482,2016-03-20,10.74,0.03,0.0,40.0
57483,2016-03-21,14.99,0.09,1.2,40.0
57484,2016-03-22,16.78,0.0,0.0,43.0
57485,2016-03-23,9.84,0.0,0.0,55.0
57486,2016-03-24,12.97,0.0,0.0,49.0
57487,2016-03-25,12.3,0.0,0.0,52.0
57488,2016-03-26,10.74,0.0,0.0,47.0
57489,2016-03-27,9.84,0.0,0.0,44.0
57490,2016-03-28,16.33,0.48,0.0,49.0
57491,2016-03-29,24.61,0.0,0.0,51.0
57492,2016-03-30,12.08,0.0,0.0,44.0
57493,2016-03-31,20.58,0.0,0.0,53.0
57494,2016-04-01,14.76,0.02,0.0,56.0
57495,2016-04-02,11.18,0.27,0.0,53.0
57496,2016-04-03,23.26,0.1,0.0,42.0
57497,2016-04-04,10.96,0.32,0.0,42.0
57498,2016-04-05,16.11,0.0,0.0,34.0
57499,2016-04-06,12.3,0.0,0.0,37.0
57500,2016-04-07,19.69,0.06,0.0,51.0
57501,2016-04-08,16.33,0.0,0.0,48.0
57502,2016-04-09,10.96,0.09,0.0,40.0
57503,2016-04-10,15.66,0.0,0.0,40.0
57504,2016-04-11,21.7,0.0,0.0,48.0
57505,2016-04-12,17.22,0.17,0.0,52.0
57506,2016-04-13,8.5,0.0,0.0,47.0
57507,2016-04-14,7.38,0.0,0.0,47.0
57508,2016-04-15,6.93,0.0,0.0,48.0
57509,2016-04-16,8.5,0.0,0.0,50.0
57510,2016-04-17,7.16,0.0,0.0,53.0
57511,2016-04-18,8.28,0.0,0.0,60.0
57512,2016-04-19,14.54,0.0,0.0,63.0
57513,2016-04-20,12.3,0.0,0.0,58.0
57514,2016-04-21,13.2,0.0,0.0,54.0
57515,2016-04-22,6.71,0.02,0.0,61.0
57516,2016-04-23,12.3,0.12,0.0,64.0
57517,2016-04-24,12.08,0.0,0.0,56.0
57518,2016-04-25,5.37,0.0,0.0,55.0
57519,2016-04-26,10.29,0.04,0.0,56.0
57520,2016-04-27,9.62,0.0,0.0,50.0
57521,2016-04-28,8.28,0.0,0.0,52.0
57522,2016-04-29,11.18,0.03,0.0,51.0
57523,2016-04-30,8.28,0.0,0.0,51.0
57524,2016-05-01,8.28,0.22,0.0,49.0
57525,2016-05-02,5.82,0.05,0.0,49.0
57526,2016-05-03,7.38,0.75,0.0,53.0
57527,2016-05-04,10.96,0.07,0.0,51.0
57528,2016-05-05,15.43,0.0,0.0,51.0
57529,2016-05-06,14.99,0.68,0.0,51.0
57530,2016-05-07,6.71,0.0,0.0,51.0
57531,2016-05-08,11.86,0.11,0.0,54.0
57532,2016-05-09,13.65,0.0,0.0,61.0
57533,2016-05-10,9.62,0.0,0.0,57.0
57534,2016-05-11,7.16,0.0,0.0,60.0
57535,2016-05-12,6.71,0.0,0.0,62.0
57536,2016-05-13,5.37,0.25,0.0,57.0
57537,2016-05-14,10.29,0.0,0.0,63.0
57538,2016-05-15,19.91,0.0,0.0,56.0
57539,2016-05-16,18.79,0.0,0.0,53.0
57540,2016-05-17,11.18,0.0,0.0,59.0
57541,2016-05-18,7.83,0.02,0.0,57.0
57542,2016-05-19,7.16,0.0,0.0,57.0
57543,2016-05-20,7.16,0.0,0.0,61.0
57544,2016-05-21,6.93,0.1,0.0,58.0
57545,2016-05-22,7.16,0.06,0.0,59.0
57546,2016-05-23,6.49,0.0,0.0,61.0
57547,2016-05-24,6.71,0.34,0.0,65.0
57548,2016-05-25,9.4,0.0,0.0,71.0
57549,2016-05-26,9.62,0.0,0.0,74.0
57550,2016-05-27,9.62,0.0,0.0,69.0
57551,2016-05-28,11.41,0.0,0.0,71.0
57552,2016-05-29,9.84,0.01,0.0,70.0
57553,2016-05-30,10.29,1.05,0.0,68.0
57554,2016-05-31,6.04,0.0,0.0,70.0
57555,2016-06-01,9.4,0.0,0.0,73.0
57556,2016-06-02,9.62,0.0,0.0,66.0
57557,2016-06-03,5.14,0.01,0.0,65.0
57558,2016-06-04,7.83,0.0,0.0,69.0
57559,2016-06-05,12.53,0.67,0.0,68.0
57560,2016-06-06,11.63,0.0,0.0,73.0
57561,2016-06-07,11.41,0.0,0.0,75.0
57562,2016-06-08,15.66,0.66,0.0,65.0
57563,2016-06-09,19.01,0.0,0.0,64.0
57564,2016-06-10,13.87,0.0,0.0,68.0
57565,2016-06-11,8.95,0.0,0.0,70.0
57566,2016-06-12,20.8,0.0,0.0,81.0
57567,2016-06-13,19.24,0.0,0.0,67.0
57568,2016-06-14,11.41,0.0,0.0,70.0
57569,2016-06-15,9.17,0.0,0.0,73.0
57570,2016-06-16,4.03,0.04,0.0,69.0
57571,2016-06-17,8.28,0.0,0.0,70.0
57572,2016-06-18,7.61,0.0,0.0,69.0
57573,2016-06-19,8.05,0.0,0.0,71.0
57574,2016-06-20,8.05,0.0,0.0,69.0
57575,2016-06-21,10.96,0.0,0.0,78.0
57576,2016-06-22,8.95,0.0,0.0,80.0
57577,2016-06-23,5.14,0.0,0.0,77.0
57578,2016-06-24,10.74,0.0,0.0,76.0
57579,2016-06-25,8.5,0.0,0.0,73.0
57580,2016-06-26,9.84,0.0,0.0,73.0
57581,2016-06-27,15.88,0.09,0.0,73.0
57582,2016-06-28,10.96,0.14,0.0,72.0
57583,2016-06-29,8.5,0.0,0.0,78.0
57584,2016-06-30,11.18,0.0,0.0,78.0
57585,2016-07-01,9.4,0.45,0.0,74.0
57586,2016-07-02,14.32,0.0,0.0,74.0
57587,2016-07-03,9.62,0.0,0.0,75.0
57588,2016-07-04,12.08,0.52,0.0,74.0
57589,2016-07-05,9.62,0.47,0.0,78.0
57590,2016-07-06,9.62,0.0,0.0,82.0
57591,2016-07-07,7.16,0.07,0.0,79.0
57592,2016-07-08,11.41,0.02,0.0,78.0
57593,2016-07-09,11.41,0.25,0.0,69.0
57594,2016-07-10,10.51,0.0,0.0,73.0
57595,2016-07-11,9.62,0.0,0.0,74.0
57596,2016-07-12,11.18,0.0,0.0,73.0
57597,2016-07-13,11.18,0.0,0.0,75.0
57598,2016-07-14,8.72,0.28,0.0,78.0
57599,2016-07-15,11.41,0.0,0.0,83.0
57600,2016-07-16,9.17,0.07,0.0,82.0
57601,2016-07-17,8.5,0.0,0.0,79.0
57602,2016-07-18,10.74,0.18,0.0,80.0
57603,2016-07-19,13.2,0.0,0.0,80.0
57604,2016-07-20,8.28,0.0,0.0,76.0
57605,2016-07-21,14.32,0.0,0.0,77.0
57606,2016-07-22,13.65,0.0,0.0,80.0
57607,2016-07-23,12.53,0.0,0.0,87.0
57608,2016-07-24,10.74,0.0,0.0,83.0
57609,2016-07-25,10.29,2.47,0.0,78.0
57610,2016-07-26,11.41,0.0,0.0,82.0
57611,2016-07-27,7.38,0.0,0.0,82.0
57612,2016-07-28,8.05,0.0,0.0,80.0
57613,2016-07-29,10.07,0.65,0.0,77.0
57614,2016-07-30,7.61,0.18,0.0,77.0
57615,2016-07-31,10.51,0.45,0.0,77.0
57616,2016-08-01,8.95,0.0,0.0,74.0
57617,2016-08-02,8.5,0.0,0.0,74.0
57618,2016-08-03,7.83,0.0,0.0,72.0
57619,2016-08-04,6.71,0.0,0.0,72.0
57620,2016-08-05,11.41,0.0,0.0,74.0
57621,2016-08-06,10.51,0.18,0.0,77.0
57622,2016-08-07,10.29,0.0,0.0,80.0
57623,2016-08-08,6.93,0.0,0.0,80.0
57624,2016-08-09,8.5,0.0,0.0,78.0
57625,2016-08-10,13.42,0.05,0.0,79.0
57626,2016-08-11,8.95,0.06,0.0,82.0
57627,2016-08-12,12.08,0.01,0.0,83.0
57628,2016-08-13,10.74,0.0,0.0,85.0
57629,2016-08-14,10.07,0.01,0.0,87.0
57630,2016-08-15,8.5,0.0,0.0,84.0
57631,2016-08-16,13.42,0.0,0.0,82.0
57632,2016-08-17,14.54,0.01,0.0,82.0
57633,2016-08-18,4.92,0.01,0.0,79.0
57634,2016-08-19,7.61,0.0,0.0,80.0
57635,2016-08-20,6.71,0.03,0.0,79.0
57636,2016-08-21,12.53,0.26,0.0,80.0
57637,2016-08-22,16.11,0.0,0.0,76.0
57638,2016-08-23,8.05,0.0,0.0,71.0
57639,2016-08-24,11.18,0.0,0.0,75.0
57640,2016-08-25,14.32,0.0,0.0,76.0
57641,2016-08-26,10.51,0.0,0.0,81.0
57642,2016-08-27,8.5,0.0,0.0,81.0
57643,2016-08-28,6.71,0.0,0.0,78.0
57644,2016-08-29,9.84,0.0,0.0,81.0
57645,2016-08-30,8.72,0.0,0.0,77.0
57646,2016-08-31,10.74,0.0,0.0,77.0
57647,2016-09-01,6.26,0.5,0.0,76.0
57648,2016-09-02,10.51,0.0,0.0,73.0
57649,2016-09-03,11.18,0.0,0.0,74.0
57650,2016-09-04,11.86,0.0,0.0,72.0
57651,2016-09-05,15.88,0.0,0.0,72.0
57652,2016-09-06,21.03,0.16,0.0,76.0
57653,2016-09-07,13.65,0.01,0.0,76.0
57654,2016-09-08,6.26,0.0,0.0,77.0
57655,2016-09-09,8.5,0.0,0.0,83.0
57656,2016-09-10,11.86,0.0,0.0,80.0
57657,2016-09-11,14.99,0.0,0.0,79.0
57658,2016-09-12,9.62,0.0,0.0,70.0
57659,2016-09-13,10.96,0.0,0.0,70.0
57660,2016-09-14,11.86,0.43,0.0,74.0
57661,2016-09-15,9.4,0.0,0.0,69.0
57662,2016-09-16,7.61,0.0,0.0,66.0
57663,2016-09-17,8.5,0.0,0.0,66.0
57664,2016-09-18,10.74,0.0,0.0,74.0
57665,2016-09-19,5.37,0.97,0.0,73.0
57666,2016-09-20,4.92,0.0,0.0,73.0
57667,2016-09-21,4.47,0.0,0.0,73.0
57668,2016-09-22,6.26,0.0,0.0,73.0
57669,2016-09-23,6.04,0.0,0.0,71.0
57670,2016-09-24,9.84,0.29,0.0,67.0
57671,2016-09-25,6.26,0.0,0.0,62.0
57672,2016-09-26,11.41,0.0,0.0,62.0
57673,2016-09-27,9.62,0.18,0.0,70.0
57674,2016-09-28,13.42,0.0,0.0,65.0
57675,2016-09-29,16.78,0.02,0.0,62.0
57676,2016-09-30,18.12,0.31,0.0,61.0
57677,2016-10-01,13.42,0.01,0.0,60.0
57678,2016-10-02,4.7,0.0,0.0,61.0
57679,2016-10-03,5.14,0.0,0.0,65.0
57680,2016-10-04,10.07,0.0,0.0,65.0
57681,2016-10-05,6.71,0.0,0.0,60.0
57682,2016-10-06,5.14,0.0,0.0,60.0
57683,2016-10-07,5.82,0.0,0.0,61.0
57684,2016-10-08,5.14,0.49,0.0,62.0
57685,2016-10-09,19.24,0.84,0.0,60.0
57686,2016-10-10,14.09,0.0,0.0,55.0
57687,2016-10-11,6.49,0.0,0.0,54.0
57688,2016-10-12,5.82,0.0,0.0,57.0
57689,2016-10-13,8.95,0.01,0.0,59.0
57690,2016-10-14,8.5,0.0,0.0,56.0
57691,2016-10-15,7.16,0.0,0.0,54.0
57692,2016-10-16,10.51,0.0,0.0,60.0
57693,2016-10-17,7.83,0.0,0.0,67.0
57694,2016-10-18,11.63,0.0,0.0,67.0
57695,2016-10-19,8.05,0.0,0.0,73.0
57696,2016-10-20,11.41,0.0,0.0,67.0
57697,2016-10-21,6.49,0.92,0.0,68.0
57698,2016-10-22,20.36,0.37,0.0,55.0
57699,2016-10-23,17.22,0.0,0.0,54.0
57700,2016-10-24,15.66,0.0,0.0,59.0
57701,2016-10-25,16.55,0.0,0.0,51.0
57702,2016-10-26,11.18,0.0,0.0,46.0
57703,2016-10-27,12.75,0.54,0.0,46.0
57704,2016-10-28,19.69,0.0,0.0,51.0
57705,2016-10-29,8.95,0.0,0.0,49.0
57706,2016-10-30,10.74,0.15,0.0,66.0
57707,2016-10-31,11.63,0.0,0.0,53.0
57708,2016-11-01,7.83,0.0,0.0,49.0
57709,2016-11-02,9.84,0.0,0.0,59.0
57710,2016-11-03,12.53,0.0,0.0,63.0
57711,2016-11-04,12.97,0.0,0.0,58.0
57712,2016-11-05,10.29,0.0,0.0,54.0
57713,2016-11-06,16.11,0.0,0.0,56.0
57714,2016-11-07,9.17,0.0,0.0,48.0
57715,2016-11-08,5.82,0.0,0.0,52.0
57716,2016-11-09,8.5,0.01,0.0,55.0
57717,2016-11-10,12.97,0.0,0.0,50.0
57718,2016-11-11,20.58,0.0,0.0,55.0
57719,2016-11-12,11.86,0.0,0.0,44.0
57720,2016-11-13,11.41,0.0,0.0,49.0
57721,2016-11-14,6.71,0.0,0.0,51.0
57722,2016-11-15,13.87,1.23,0.0,51.0
57723,2016-11-16,11.41,0.0,0.0,52.0
57724,2016-11-17,11.41,0.0,0.0,56.0
57725,2016-11-18,7.16,0.0,0.0,54.0
57726,2016-11-19,9.17,0.07,0.0,53.0
57727,2016-11-20,24.16,0.27,0.0,44.0
57728,2016-11-21,24.16,0.0,0.0,40.0
57729,2016-11-22,23.26,0.0,0.0,40.0
57730,2016-11-23,11.41,0.0,0.0,40.0
57731,2016-11-24,6.93,0.0,0.0,44.0
57732,2016-11-25,4.03,0.0,0.0,49.0
57733,2016-11-26,12.08,0.0,0.0,50.0
57734,2016-11-27,13.2,0.0,0.0,45.0
57735,2016-11-28,8.5,0.0,0.0,45.0
57736,2016-11-29,14.76,1.42,0.0,55.0
57737,2016-11-30,9.17,0.48,0.0,56.0
57738,2016-12-01,17.22,0.03,0.0,55.0
57739,2016-12-02,18.34,0.0,0.0,47.0
57740,2016-12-03,19.01,0.0,0.0,46.0
57741,2016-12-04,11.41,0.0,0.0,44.0
57742,2016-12-05,10.96,0.22,0.0,44.0
57743,2016-12-06,8.95,0.37,0.0,43.0
57744,2016-12-07,7.38,0.07,0.0,44.0
57745,2016-12-08,12.75,0.0,0.0,43.0
57746,2016-12-09,20.13,0.0,0.0,37.0
57747,2016-12-10,12.3,0.0,0.0,33.0
57748,2016-12-11,6.04,0.02,0.0,33.0
57749,2016-12-12,11.86,0.6,0.0,42.0
57750,2016-12-13,8.5,0.0,0.0,41.0
57751,2016-12-14,12.53,0.0,0.0,41.0
57752,2016-12-15,23.04,0.0,0.0,30.0
57753,2016-12-16,13.65,0.0,0.0,22.0
57754,2016-12-17,8.5,0.74,2.0,31.0
57755,2016-12-18,16.11,0.05,0.0,47.0
57756,2016-12-19,12.53,0.0,0.0,31.0
57757,2016-12-20,7.61,0.0,0.0,27.0
57758,2016-12-21,9.17,0.0,0.0,35.0
57759,2016-12-22,13.42,0.0,0.0,42.0
57760,2016-12-23,12.08,0.0,0.0,43.0
57761,2016-12-24,10.29,0.6,0.0,42.0
57762,2016-12-25,10.51,0.0,0.0,45.0
57763,2016-12-26,9.62,0.0,0.0,39.0
57764,2016-12-27,14.54,0.0,0.0,54.0
57765,2016-12-28,12.97,0.0,0.0,43.0
57766,2016-12-29,12.08,0.36,0.0,39.0
57767,2016-12-30,17.0,0.0,0.0,39.0
57768,2016-12-31,18.57,0.0,0.0,38.0
57769,2017-01-01,9.84,0.0,0.0,46.0
57770,2017-01-02,10.07,0.31,0.0,40.0
57771,2017-01-03,13.42,0.46,0.0,43.0
57772,2017-01-04,17.67,0.0,0.0,46.0
57773,2017-01-05,17.67,0.0,0.0,34.0
57774,2017-01-06,8.72,0.03,1.2,32.0
57775,2017-01-07,16.11,0.22,0.0,25.0
57776,2017-01-08,18.34,0.0,7.9,21.0
57777,2017-01-09,11.18,0.0,7.1,20.0
57778,2017-01-10,7.83,0.0,5.9,27.0
57779,2017-01-11,11.63,0.46,1.2,45.0
57780,2017-01-12,11.41,0.1,1.2,50.0
57781,2017-01-13,16.78,0.0,0.0,50.0
57782,2017-01-14,5.82,0.15,0.0,32.0
57783,2017-01-15,8.28,0.0,2.0,35.0
57784,2017-01-16,6.71,0.0,0.0,35.0
57785,2017-01-17,7.38,0.59,0.0,40.0
57786,2017-01-18,10.74,0.09,0.0,41.0
57787,2017-01-19,8.5,0.0,0.0,43.0
57788,2017-01-20,5.59,0.08,0.0,44.0
57789,2017-01-21,8.5,0.0,0.0,44.0
57790,2017-01-22,8.95,0.01,0.0,46.0
57791,2017-01-23,25.05,0.84,0.0,44.0
57792,2017-01-24,21.7,1.22,0.0,38.0
57793,2017-01-25,14.76,0.0,0.0,42.0
57794,2017-01-26,14.76,0.03,0.0,45.0
57795,2017-01-27,20.8,0.0,0.0,42.0
57796,2017-01-28,17.67,0.0,0.0,37.0
57797,2017-01-29,11.63,0.0,0.0,38.0
57798,2017-01-30,12.53,0.0,0.0,36.0
57799,2017-01-31,6.26,0.05,0.0,30.0
57800,2017-02-01,12.53,0.0,0.0,38.0
57801,2017-02-02,11.86,0.0,0.0,40.0
57802,2017-02-03,13.2,0.0,0.0,32.0
57803,2017-02-04,14.99,0.0,0.0,29.0
57804,2017-02-05,12.97,0.0,0.0,35.0
57805,2017-02-06,10.74,0.0,0.0,42.0
57806,2017-02-07,6.93,0.1,0.0,40.0
57807,2017-02-08,8.72,0.0,0.0,48.0
57808,2017-02-09,23.04,0.74,1.2,35.0
57809,2017-02-10,16.11,0.0,7.9,24.0
57810,2017-02-11,6.93,0.0,5.9,37.0
57811,2017-02-12,10.74,0.4,5.1,36.0
57812,2017-02-13,25.72,0.0,3.9,37.0
57813,2017-02-14,11.41,0.0,3.1,33.0
57814,2017-02-15,10.74,0.0,2.0,38.0
57815,2017-02-16,22.15,0.0,0.0,35.0
57816,2017-02-17,14.54,0.0,0.0,33.0
57817,2017-02-18,7.16,0.0,0.0,41.0
57818,2017-02-19,11.41,0.0,0.0,55.0
57819,2017-02-20,13.2,0.0,0.0,52.0
57820,2017-02-21,8.5,0.0,0.0,40.0
57821,2017-02-22,5.82,0.0,0.0,44.0
57822,2017-02-23,5.37,0.0,0.0,45.0
57823,2017-02-24,11.18,0.0,0.0,52.0
57824,2017-02-25,11.86,0.34,0.0,53.0
57825,2017-02-26,18.57,0.0,0.0,44.0
57826,2017-02-27,12.3,0.0,0.0,41.0
57827,2017-02-28,6.26,0.0,0.0,48.0
57828,2017-03-01,11.63,0.01,0.0,51.0
57829,2017-03-02,25.5,0.0,0.0,52.0
57830,2017-03-03,18.34,0.0,0.0,37.0
57831,2017-03-04,20.8,0.0,0.0,27.0
57832,2017-03-05,13.65,0.0,0.0,24.0
57833,2017-03-06,8.05,0.0,0.0,32.0
57834,2017-03-07,10.51,0.11,0.0,44.0
57835,2017-03-08,16.55,0.05,0.0,52.0
57836,2017-03-09,19.46,0.0,0.0,55.0
57837,2017-03-10,17.45,0.26,0.0,42.0
57838,2017-03-11,18.57,0.0,2.0,25.0
57839,2017-03-12,18.34,0.0,1.2,25.0
57840,2017-03-13,9.17,0.0,0.0,26.0
57841,2017-03-14,24.61,1.94,3.9,32.0
57842,2017-03-15,21.25,0.0,3.9,25.0
57843,2017-03-16,17.22,0.0,3.9,30.0
57844,2017-03-17,13.2,0.0,3.1,36.0
57845,2017-03-18,10.96,0.07,2.0,36.0
57846,2017-03-19,14.54,0.0,1.2,40.0
57847,2017-03-20,12.53,0.0,0.0,43.0
57848,2017-03-21,9.17,0.0,0.0,49.0
57849,2017-03-22,23.49,0.0,0.0,42.0
57850,2017-03-23,11.63,0.0,0.0,31.0
57851,2017-03-24,13.87,0.0,0.0,40.0
57852,2017-03-25,8.72,0.01,0.0,51.0
57853,2017-03-26,12.08,0.14,0.0,42.0
57854,2017-03-27,6.04,0.19,0.0,45.0
57855,2017-03-28,8.28,0.93,0.0,47.0
57856,2017-03-29,16.33,0.0,0.0,49.0
57857,2017-03-30,9.62,0.01,0.0,43.0
57858,2017-03-31,16.11,2.07,0.0,41.0
57859,2017-04-01,16.55,0.01,0.0,42.0
57860,2017-04-02,12.53,0.0,0.0,50.0
57861,2017-04-03,8.72,0.03,0.0,53.0
57862,2017-04-04,10.51,1.05,0.0,50.0
57863,2017-04-05,7.61,0.0,0.0,49.0
57864,2017-04-06,16.11,0.96,0.0,46.0
57865,2017-04-07,20.36,0.0,0.0,48.0
57866,2017-04-08,17.0,0.0,0.0,47.0
57867,2017-04-09,10.51,0.0,0.0,51.0
57868,2017-04-10,11.41,0.0,0.0,52.0
57869,2017-04-11,6.71,0.0,0.0,56.0
57870,2017-04-12,6.93,0.05,0.0,60.0
57871,2017-04-13,12.53,0.0,0.0,56.0
57872,2017-04-14,7.61,0.0,0.0,54.0
57873,2017-04-15,11.18,0.0,0.0,51.0
57874,2017-04-16,13.2,0.01,0.0,64.0
57875,2017-04-17,14.99,0.0,0.0,70.0
57876,2017-04-18,12.75,0.0,0.0,58.0
57877,2017-04-19,12.53,0.0,0.0,48.0
57878,2017-04-20,6.49,0.17,0.0,54.0
57879,2017-04-21,9.17,0.03,0.0,53.0
57880,2017-04-22,7.83,0.11,0.0,53.0
57881,2017-04-23,11.18,0.0,0.0,53.0
57882,2017-04-24,7.38,0.01,0.0,51.0
57883,2017-04-25,17.0,0.98,0.0,54.0
57884,2017-04-26,8.72,0.48,0.0,57.0
57885,2017-04-27,7.61,0.01,0.0,60.0
57886,2017-04-28,6.49,0.0,0.0,62.0
57887,2017-04-29,12.75,0.16,0.0,69.0
57888,2017-04-30,13.87,0.0,0.0,64.0
57889,2017-05-01,12.75,0.0,0.0,55.0
57890,2017-05-02,18.34,0.02,0.0,66.0
57891,2017-05-03,17.45,0.0,0.0,64.0
57892,2017-05-04,11.18,0.0,0.0,55.0
57893,2017-05-05,15.66,1.78,0.0,55.0
57894,2017-05-06,19.24,0.05,0.0,58.0
57895,2017-05-07,15.43,0.0,0.0,54.0
57896,2017-05-08,11.86,0.0,0.0,53.0
57897,2017-05-09,7.83,0.0,0.0,54.0
57898,2017-05-10,5.82,0.0,0.0,54.0
57899,2017-05-11,6.26,0.0,0.0,54.0
57900,2017-05-12,8.5,0.0,0.0,53.0
57901,2017-05-13,14.76,1.65,0.0,51.0
57902,2017-05-14,15.88,0.01,0.0,54.0
57903,2017-05-15,20.58,0.0,0.0,61.0
57904,2017-05-16,11.41,0.0,0.0,66.0
57905,2017-05-17,9.62,0.0,0.0,67.0
57906,2017-05-18,10.74,0.0,0.0,74.0
57907,2017-05-19,12.97,0.0,0.0,79.0
57908,2017-05-20,10.51,0.0,0.0,65.0
57909,2017-05-21,8.72,0.0,0.0,58.0
57910,2017-05-22,8.5,0.65,0.0,57.0
57911,2017-05-23,6.71,0.0,0.0,63.0
57912,2017-05-24,9.17,0.02,0.0,62.0
57913,2017-05-25,13.42,1.14,0.0,58.0
57914,2017-05-26,12.3,0.19,0.0,64.0
57915,2017-05-27,8.72,0.0,0.0,67.0
57916,2017-05-28,8.72,0.0,0.0,63.0
57917,2017-05-29,8.5,0.29,0.0,59.0
57918,2017-05-30,9.4,0.0,0.0,57.0
57919,2017-05-31,6.71,0.03,0.0,62.0
57920,2017-06-01,9.84,0.0,0.0,68.0
57921,2017-06-02,11.41,0.0,0.0,68.0
57922,2017-06-03,11.41,0.02,0.0,66.0
57923,2017-06-04,6.26,0.09,0.0,65.0
57924,2017-06-05,7.61,0.4,0.0,65.0
57925,2017-06-06,11.63,0.05,0.0,58.0
57926,2017-06-07,9.17,0.0,0.0,58.0
57927,2017-06-08,5.82,0.0,0.0,61.0
57928,2017-06-09,9.4,0.0,0.0,66.0
57929,2017-06-10,11.18,0.0,0.0,74.0
57930,2017-06-11,10.51,0.0,0.0,74.0
57931,2017-06-12,11.18,0.0,0.0,80.0
57932,2017-06-13,9.84,0.0,0.0,82.0
57933,2017-06-14,7.16,0.3,0.0,77.0
57934,2017-06-15,9.62,0.0,0.0,67.0
57935,2017-06-16,8.5,0.03,0.0,66.0
57936,2017-06-17,5.82,0.34,0.0,68.0
57937,2017-06-18,15.66,0.0,0.0,72.0
57938,2017-06-19,17.22,1.12,0.0,74.0
57939,2017-06-20,13.65,0.01,0.0,75.0
57940,2017-06-21,11.63,0.0,0.0,78.0
57941,2017-06-22,8.5,0.0,0.0,74.0
57942,2017-06-23,11.41,0.0,0.0,75.0
57943,2017-06-24,12.08,1.73,0.0,78.0
57944,2017-06-25,9.62,0.0,0.0,76.0
57945,2017-06-26,11.63,0.0,0.0,72.0
57946,2017-06-27,8.95,0.11,0.0,70.0
57947,2017-06-28,11.86,0.0,0.0,71.0
57948,2017-06-29,16.33,0.0,0.0,71.0
57949,2017-06-30,14.99,0.0,0.0,72.0
57950,2017-07-01,12.3,0.53,0.0,72.0
57951,2017-07-02,10.07,0.0,0.0,77.0
57952,2017-07-03,7.83,0.0,0.0,79.0
57953,2017-07-04,6.49,0.0,0.0,77.0
57954,2017-07-05,8.95,0.0,0.0,76.0
57955,2017-07-06,8.28,0.0,0.0,73.0
57956,2017-07-07,8.95,1.92,0.0,73.0
57957,2017-07-08,10.96,0.0,0.0,77.0
57958,2017-07-09,11.41,0.0,0.0,77.0
57959,2017-07-10,12.75,0.0,0.0,75.0
57960,2017-07-11,9.84,0.16,0.0,78.0
57961,2017-07-12,13.2,0.01,0.0,81.0
57962,2017-07-13,10.96,0.03,0.0,84.0
57963,2017-07-14,9.17,0.21,0.0,70.0
57964,2017-07-15,5.82,0.01,0.0,73.0
57965,2017-07-16,8.5,0.0,0.0,77.0
57966,2017-07-17,9.17,0.0,0.0,77.0
57967,2017-07-18,9.4,0.0,0.0,78.0
57968,2017-07-19,11.41,0.0,0.0,80.0
57969,2017-07-20,9.4,0.0,0.0,84.0
57970,2017-07-21,10.74,0.0,0.0,86.0
57971,2017-07-22,7.61,0.62,0.0,84.0
57972,2017-07-23,7.83,0.37,0.0,76.0
57973,2017-07-24,11.41,0.78,0.0,71.0
57974,2017-07-25,7.38,0.0,0.0,67.0
57975,2017-07-26,7.83,0.0,0.0,70.0
57976,2017-07-27,9.84,0.0,0.0,71.0
57977,2017-07-28,6.04,0.0,0.0,76.0
57978,2017-07-29,17.0,0.01,0.0,73.0
57979,2017-07-30,9.17,0.0,0.0,72.0
57980,2017-07-31,8.5,0.0,0.0,75.0
57981,2017-08-01,8.05,0.0,0.0,78.0
57982,2017-08-02,7.38,0.01,0.0,77.0
57983,2017-08-03,7.61,0.0,0.0,75.0
57984,2017-08-04,11.63,0.06,0.0,77.0
57985,2017-08-05,12.75,0.27,0.0,76.0
57986,2017-08-06,12.3,0.0,0.0,73.0
57987,2017-08-07,7.16,0.39,0.0,70.0
57988,2017-08-08,8.5,0.0,0.0,71.0
57989,2017-08-09,7.61,0.0,0.0,74.0
57990,2017-08-10,6.93,0.0,0.0,74.0
57991,2017-08-11,10.07,0.0,0.0,74.0
57992,2017-08-12,7.61,0.21,0.0,71.0
57993,2017-08-13,8.05,0.0,0.0,78.0
57994,2017-08-14,7.38,0.0,0.0,76.0
57995,2017-08-15,5.82,0.44,0.0,73.0
57996,2017-08-16,6.71,0.0,0.0,77.0
57997,2017-08-17,8.95,0.0,0.0,75.0
57998,2017-08-18,13.42,0.27,0.0,76.0
57999,2017-08-19,10.51,0.0,0.0,78.0
58000,2017-08-20,11.41,0.0,0.0,78.0
58001,2017-08-21,10.29,0.0,0.0,78.0
58002,2017-08-22,14.54,0.17,0.0,78.0
58003,2017-08-23,10.29,0.06,0.0,78.0
58004,2017-08-24,8.28,0.0,0.0,74.0
58005,2017-08-25,6.71,0.0,0.0,71.0
58006,2017-08-26,6.49,0.0,0.0,71.0
58007,2017-08-27,7.16,0.0,0.0,69.0
58008,2017-08-28,10.51,0.0,0.0,68.0
58009,2017-08-29,11.86,0.57,0.0,65.0
58010,2017-08-30,12.75,0.05,0.0,67.0
58011,2017-08-31,13.42,0.0,0.0,74.0
58012,2017-09-01,10.74,0.0,0.0,66.0
58013,2017-09-02,9.84,0.54,0.0,63.0
58014,2017-09-03,14.09,0.46,0.0,63.0
58015,2017-09-04,13.65,0.0,0.0,70.0
58016,2017-09-05,13.65,0.0,0.0,74.0
58017,2017-09-06,8.05,0.5,0.0,70.0
58018,2017-09-07,12.97,0.0,0.0,66.0
58019,2017-09-08,11.63,0.0,0.0,67.0
58020,2017-09-09,11.63,0.0,0.0,65.0
58021,2017-09-10,10.07,0.0,0.0,65.0
58022,2017-09-11,6.49,0.0,0.0,67.0
58023,2017-09-12,6.26,0.0,0.0,69.0
58024,2017-09-13,8.28,0.4,0.0,70.0
58025,2017-09-14,8.05,0.0,0.0,72.0
58026,2017-09-15,6.26,0.0,0.0,73.0
58027,2017-09-16,5.37,0.0,0.0,73.0
58028,2017-09-17,4.92,0.0,0.0,71.0
58029,2017-09-18,9.62,0.0,0.0,71.0
58030,2017-09-19,18.79,0.26,0.0,72.0
58031,2017-09-20,17.0,0.0,0.0,75.0
58032,2017-09-21,13.65,0.0,0.0,76.0
58033,2017-09-22,18.12,0.0,0.0,75.0
58034,2017-09-23,11.41,0.0,0.0,77.0
58035,2017-09-24,5.59,0.0,0.0,77.0
58036,2017-09-25,5.14,0.0,0.0,74.0
58037,2017-09-26,6.26,0.0,0.0,71.0
58038,2017-09-27,7.38,0.0,0.0,75.0
58039,2017-09-28,17.0,0.0,0.0,75.0
58040,2017-09-29,6.93,0.0,0.0,62.0
58041,2017-09-30,14.09,0.04,0.0,61.0
58042,2017-10-01,6.93,0.0,0.0,58.0
58043,2017-10-02,6.93,0.0,0.0,62.0
58044,2017-10-03,7.83,0.0,0.0,60.0
58045,2017-10-04,11.86,0.0,0.0,62.0
58046,2017-10-05,12.08,0.0,0.0,69.0
58047,2017-10-06,7.38,0.0,0.0,72.0
58048,2017-10-07,10.74,0.0,0.0,70.0
58049,2017-10-08,14.32,0.04,0.0,71.0
58050,2017-10-09,16.78,0.34,0.0,71.0
58051,2017-10-10,7.38,0.0,0.0,74.0
58052,2017-10-11,9.4,0.02,0.0,68.0
58053,2017-10-12,15.21,0.08,0.0,61.0
58054,2017-10-13,11.63,0.0,0.0,59.0
58055,2017-10-14,6.93,0.01,0.0,65.0
58056,2017-10-15,10.07,0.01,0.0,68.0
58057,2017-10-16,16.55,0.0,0.0,62.0
58058,2017-10-17,10.51,0.0,0.0,50.0
58059,2017-10-18,10.29,0.0,0.0,58.0
58060,2017-10-19,10.74,0.0,0.0,61.0
58061,2017-10-20,10.51,0.0,0.0,65.0
58062,2017-10-21,6.04,0.0,0.0,63.0
58063,2017-10-22,4.7,0.0,0.0,61.0
58064,2017-10-23,12.75,0.0,0.0,63.0
58065,2017-10-24,21.92,0.51,0.0,69.0
58066,2017-10-25,6.49,0.0,0.0,63.0
58067,2017-10-26,14.32,0.0,0.0,57.0
58068,2017-10-27,9.62,0.0,0.0,54.0
58069,2017-10-28,11.63,0.0,0.0,60.0
58070,2017-10-29,17.22,2.84,0.0,63.0
58071,2017-10-30,19.91,0.36,0.0,57.0
58072,2017-10-31,14.99,0.0,0.0,53.0
58073,2017-11-01,5.82,0.0,0.0,49.0
58074,2017-11-02,9.4,0.0,0.0,63.0
58075,2017-11-03,10.96,0.0,0.0,64.0
58076,2017-11-04,8.5,0.0,0.0,53.0
58077,2017-11-05,8.72,0.05,0.0,55.0
58078,2017-11-06,12.53,0.0,0.0,62.0
58079,2017-11-07,12.08,0.78,0.0,48.0
58080,2017-11-08,10.96,0.0,0.0,43.0
58081,2017-11-09,7.16,0.0,0.0,46.0
58082,2017-11-10,20.8,0.0,0.0,44.0
58083,2017-11-11,8.72,0.0,0.0,29.0
58084,2017-11-12,4.03,0.0,0.0,36.0
58085,2017-11-13,8.95,0.03,0.0,43.0
58086,2017-11-14,9.84,0.0,0.0,41.0
58087,2017-11-15,9.17,0.0,0.0,43.0
58088,2017-11-16,16.33,0.13,0.0,52.0
58089,2017-11-17,17.9,0.0,0.0,45.0
58090,2017-11-18,13.2,0.2,0.0,42.0
58091,2017-11-19,21.92,0.25,0.0,53.0
58092,2017-11-20,17.22,0.0,0.0,42.0
58093,2017-11-21,14.76,0.0,0.0,47.0
58094,2017-11-22,12.3,0.35,0.0,50.0
58095,2017-11-23,9.84,0.0,0.0,37.0
58096,2017-11-24,8.05,0.0,0.0,40.0
58097,2017-11-25,9.62,0.0,0.0,45.0
58098,2017-11-26,15.21,0.0,0.0,48.0
58099,2017-11-27,13.42,0.0,0.0,44.0
58100,2017-11-28,9.84,0.0,0.0,42.0
58101,2017-11-29,14.54,0.0,0.0,52.0
58102,2017-11-30,6.71,0.01,0.0,43.0
58103,2017-12-01,10.51,0.01,0.0,49.0
58104,2017-12-02,4.25,0.0,0.0,42.0
58105,2017-12-03,5.37,0.0,0.0,43.0
58106,2017-12-04,7.61,0.0,0.0,44.0
58107,2017-12-05,19.46,0.3,0.0,53.0
58108,2017-12-06,14.76,0.01,0.0,49.0
58109,2017-12-07,16.33,0.0,0.0,42.0
58110,2017-12-08,9.62,0.0,0.0,38.0
58111,2017-12-09,8.72,0.33,0.0,35.0
58112,2017-12-10,15.66,0.0,3.1,33.0
58113,2017-12-11,11.41,0.0,2.0,36.0
58114,2017-12-12,19.01,0.0,0.0,44.0
58115,2017-12-13,23.94,0.0,0.0,28.0
58116,2017-12-14,12.08,0.06,1.2,27.0
58117,2017-12-15,6.71,0.1,0.0,24.0
58118,2017-12-16,15.21,0.0,1.2,30.0
58119,2017-12-17,4.92,0.0,0.0,35.0
58120,2017-12-18,7.61,0.02,0.0,38.0
58121,2017-12-19,14.32,0.0,0.0,47.0
58122,2017-12-20,16.11,0.0,0.0,46.0
58123,2017-12-21,7.83,0.0,0.0,36.0
58124,2017-12-22,7.16,0.0,0.0,39.0
58125,2017-12-23,9.62,0.62,0.0,44.0
58126,2017-12-24,12.97,0.0,0.0,41.0
58127,2017-12-25,22.37,0.17,0.0,37.0
58128,2017-12-26,17.45,0.0,0.0,27.0
58129,2017-12-27,13.2,0.0,0.0,23.0
58130,2017-12-28,19.46,0.0,0.0,17.0
58131,2017-12-29,12.3,0.0,0.0,16.0
58132,2017-12-30,9.17,0.03,0.0,20.0
58133,2017-12-31,18.57,0.0,0.0,17.0
58134,2018-01-01,17.67,0.0,0.0,12.0
58135,2018-01-02,15.66,0.0,0.0,18.0
58136,2018-01-03,8.28,0.0,0.0,21.0
58137,2018-01-04,28.19,0.49,1.2,25.0
58138,2018-01-05,25.05,0.0,7.9,15.0
58139,2018-01-06,22.15,0.0,7.9,11.0
58140,2018-01-07,13.87,0.0,7.9,9.0
58141,2018-01-08,13.42,0.02,7.9,22.0
58142,2018-01-09,13.42,0.0,7.1,34.0
58143,2018-01-10,4.92,0.0,5.1,32.0
58144,2018-01-11,2.91,0.0,3.1,41.0
58145,2018-01-12,16.11,0.45,1.2,47.0
58146,2018-01-13,20.58,0.08,0.0,41.0
58147,2018-01-14,15.66,0.0,0.0,20.0
58148,2018-01-15,11.86,0.0,0.0,22.0
58149,2018-01-16,6.26,0.0,0.0,29.0
58150,2018-01-17,11.41,0.22,0.0,35.0
58151,2018-01-18,14.99,0.0,0.0,26.0
58152,2018-01-19,10.29,0.0,0.0,30.0
58153,2018-01-20,13.42,0.0,0.0,40.0
58154,2018-01-21,6.71,0.0,0.0,41.0
58155,2018-01-22,5.37,0.0,0.0,44.0
58156,2018-01-23,14.09,0.22,0.0,46.0
58157,2018-01-24,17.22,0.0,0.0,42.0
58158,2018-01-25,15.43,0.0,0.0,29.0
58159,2018-01-26,8.5,0.0,0.0,30.0
58160,2018-01-27,11.86,0.0,0.0,38.0
58161,2018-01-28,5.14,0.26,0.0,46.0
58162,2018-01-29,15.21,0.0,0.0,42.0
58163,2018-01-30,15.21,0.1,1.2,33.0
58164,2018-01-31,13.87,0.0,0.0,25.0
58165,2018-02-01,8.28,0.05,0.0,35.0
58166,2018-02-02,20.13,0.21,0.0,33.0
58167,2018-02-03,15.66,0.0,0.0,22.0
58168,2018-02-04,10.29,0.96,0.0,35.0
58169,2018-02-05,15.43,0.0,0.0,38.0
58170,2018-02-06,5.82,0.0,0.0,30.0
58171,2018-02-07,12.53,0.84,0.0,33.0
58172,2018-02-08,13.42,0.0,0.0,33.0
58173,2018-02-09,10.07,0.0,0.0,29.0
58174,2018-02-10,4.47,0.27,0.0,41.0
58175,2018-02-11,8.95,1.13,0.0,47.0
58176,2018-02-12,14.76,0.0,0.0,46.0
58177,2018-02-13,9.84,0.0,0.0,32.0
58178,2018-02-14,8.95,0.06,0.0,37.0
58179,2018-02-15,5.82,0.15,0.0,45.0
58180,2018-02-16,13.42,0.11,0.0,51.0
58181,2018-02-17,9.62,0.48,0.0,35.0
58182,2018-02-18,10.74,0.02,2.0,37.0
58183,2018-02-19,8.5,0.01,0.0,39.0
58184,2018-02-20,6.93,0.0,0.0,49.0
58185,2018-02-21,8.95,0.03,0.0,51.0
58186,2018-02-22,13.87,0.11,0.0,49.0
58187,2018-02-23,8.95,0.12,0.0,38.0
58188,2018-02-24,9.4,0.08,0.0,45.0
58189,2018-02-25,11.63,1.3,0.0,44.0
58190,2018-02-26,8.72,0.0,0.0,45.0
58191,2018-02-27,11.63,0.0,0.0,45.0
58192,2018-02-28,8.5,0.0,0.0,43.0
58193,2018-03-01,8.72,0.57,0.0,49.0
58194,2018-03-02,29.97,2.16,0.0,41.0
58195,2018-03-03,28.41,0.0,0.0,40.0
58196,2018-03-04,21.7,0.0,0.0,41.0
58197,2018-03-05,19.46,0.0,0.0,37.0
58198,2018-03-06,10.29,0.0,0.0,37.0
58199,2018-03-07,18.57,1.02,0.0,36.0
58200,2018-03-08,15.21,0.0,1.2,36.0
58201,2018-03-09,18.79,0.0,0.0,36.0
58202,2018-03-10,16.33,0.0,0.0,36.0
58203,2018-03-11,11.63,0.0,0.0,38.0
58204,2018-03-12,13.42,0.03,0.0,38.0
58205,2018-03-13,20.13,0.21,1.2,36.0
58206,2018-03-14,22.59,0.0,0.0,35.0
58207,2018-03-15,19.69,0.0,0.0,38.0
58208,2018-03-16,20.58,0.0,0.0,37.0
58209,2018-03-17,16.55,0.0,0.0,36.0
58210,2018-03-18,13.2,0.0,0.0,36.0
58211,2018-03-19,6.93,0.0,0.0,38.0
58212,2018-03-20,11.86,0.03,0.0,34.0
58213,2018-03-21,19.01,0.88,0.0,35.0
58214,2018-03-22,17.67,0.03,9.1,37.0
58215,2018-03-23,12.08,0.0,5.1,41.0
58216,2018-03-24,12.97,0.0,2.0,42.0
58217,2018-03-25,13.2,0.0,0.0,40.0
58218,2018-03-26,8.95,0.0,0.0,38.0
58219,2018-03-27,6.26,0.0,0.0,36.0
58220,2018-03-28,7.38,0.03,0.0,41.0
58221,2018-03-29,5.59,0.03,0.0,46.0
58222,2018-03-30,13.87,0.09,0.0,49.0
58223,2018-03-31,15.88,0.0,0.0,45.0
58224,2018-04-01,12.75,0.0,0.0,48.0
58225,2018-04-02,9.4,0.33,2.0,39.0
58226,2018-04-03,8.05,0.14,0.0,39.0
58227,2018-04-04,17.45,0.17,0.0,46.0
58228,2018-04-05,18.34,0.0,0.0,41.0
58229,2018-04-06,12.08,0.08,0.0,41.0
58230,2018-04-07,12.97,0.0,0.0,44.0
58231,2018-04-08,17.67,0.0,0.0,38.0
58232,2018-04-09,12.53,0.0,0.0,37.0
58233,2018-04-10,10.51,0.01,0.0,42.0
58234,2018-04-11,10.29,0.0,0.0,42.0
58235,2018-04-12,13.87,0.0,0.0,46.0
58236,2018-04-13,12.75,0.0,0.0,56.0
58237,2018-04-14,12.3,0.0,0.0,55.0
58238,2018-04-15,20.36,0.25,0.0,43.0
58239,2018-04-16,24.16,1.53,0.0,47.0
58240,2018-04-17,17.9,0.0,0.0,45.0
58241,2018-04-18,14.99,0.0,0.0,44.0
58242,2018-04-19,14.09,0.15,0.0,45.0
58243,2018-04-20,18.79,0.0,0.0,43.0
58244,2018-04-21,11.63,0.0,0.0,47.0
58245,2018-04-22,10.51,0.0,0.0,51.0
58246,2018-04-23,8.28,0.0,0.0,50.0
58247,2018-04-24,12.3,0.0,0.0,51.0
58248,2018-04-25,11.63,0.34,0.0,54.0
58249,2018-04-26,12.53,0.04,0.0,58.0
58250,2018-04-27,8.5,0.12,0.0,54.0
58251,2018-04-28,9.62,0.01,0.0,52.0
58252,2018-04-29,14.76,0.13,0.0,54.0
58253,2018-04-30,16.11,0.0,0.0,49.0
58254,2018-05-01,10.51,0.0,0.0,58.0
58255,2018-05-02,11.41,0.0,0.0,67.0
58256,2018-05-03,11.41,0.0,0.0,70.0
58257,2018-05-04,12.53,0.0,0.0,68.0
58258,2018-05-05,14.32,0.0,0.0,66.0
58259,2018-05-06,7.38,0.0,0.0,60.0
58260,2018-05-07,8.5,0.0,0.0,61.0
58261,2018-05-08,6.71,0.0,0.0,58.0
58262,2018-05-09,6.49,0.0,0.0,56.0
58263,2018-05-10,8.28,0.01,0.0,56.0
58264,2018-05-11,11.41,0.0,0.0,65.0
58265,2018-05-12,8.05,0.25,0.0,60.0
58266,2018-05-13,8.05,0.16,0.0,53.0
58267,2018-05-14,7.16,0.12,0.0,55.0
58268,2018-05-15,10.96,0.44,0.0,63.0
58269,2018-05-16,10.07,0.33,0.0,62.0
58270,2018-05-17,5.37,0.72,0.0,59.0
58271,2018-05-18,12.08,0.0,0.0,61.0
58272,2018-05-19,8.95,0.75,0.0,54.0
58273,2018-05-20,12.97,0.0,0.0,67.0
58274,2018-05-21,9.62,0.0,0.0,67.0
58275,2018-05-22,5.59,0.17,0.0,60.0
58276,2018-05-23,8.72,0.2,0.0,66.0
58277,2018-05-24,11.41,0.0,0.0,74.0
58278,2018-05-25,12.75,0.0,0.0,69.0
58279,2018-05-26,8.5,0.0,0.0,73.0
58280,2018-05-27,13.42,0.89,0.0,65.0
58281,2018-05-28,7.61,0.0,0.0,57.0
58282,2018-05-29,8.05,0.0,0.0,67.0
58283,2018-05-30,8.05,0.0,0.0,64.0
58284,2018-05-31,6.71,0.03,0.0,63.0
58285,2018-06-01,4.7,1.18,0.0,67.0
58286,2018-06-02,10.07,0.0,0.0,75.0
58287,2018-06-03,15.88,0.11,0.0,63.0
58288,2018-06-04,8.5,0.61,0.0,57.0
58289,2018-06-05,9.84,0.0,0.0,64.0
58290,2018-06-06,8.72,0.0,0.0,63.0
58291,2018-06-07,8.95,0.0,0.0,60.0
58292,2018-06-08,9.4,0.0,0.0,65.0
58293,2018-06-09,6.49,0.0,0.0,71.0
58294,2018-06-10,6.04,0.02,0.0,68.0
58295,2018-06-11,8.05,0.02,0.0,62.0
58296,2018-06-12,10.51,0.0,0.0,61.0
58297,2018-06-13,11.18,0.04,0.0,65.0
58298,2018-06-14,17.22,0.0,0.0,76.0
58299,2018-06-15,12.3,0.0,0.0,71.0
58300,2018-06-16,10.07,0.0,0.0,71.0
58301,2018-06-17,8.5,0.0,0.0,74.0
58302,2018-06-18,13.87,0.43,0.0,73.0
58303,2018-06-19,10.07,0.02,0.0,80.0
58304,2018-06-20,8.5,0.01,0.0,73.0
58305,2018-06-21,7.83,0.28,0.0,72.0
58306,2018-06-22,11.18,0.04,0.0,68.0
58307,2018-06-23,8.05,0.0,0.0,65.0
58308,2018-06-24,9.62,0.17,0.0,69.0
58309,2018-06-25,11.41,0.0,0.0,75.0
58310,2018-06-26,11.63,0.0,0.0,68.0
58311,2018-06-27,12.53,0.02,0.0,69.0
58312,2018-06-28,11.18,0.93,0.0,72.0
58313,2018-06-29,8.95,0.0,0.0,78.0
58314,2018-06-30,6.93,0.0,0.0,82.0
58315,2018-07-01,6.71,0.0,0.0,82.0
58316,2018-07-02,6.93,0.0,0.0,82.0
58317,2018-07-03,6.49,0.01,0.0,78.0
58318,2018-07-04,6.71,0.0,0.0,79.0
58319,2018-07-05,12.75,0.0,0.0,79.0
58320,2018-07-06,13.2,0.11,0.0,78.0
58321,2018-07-07,10.07,0.0,0.0,71.0
58322,2018-07-08,6.71,0.0,0.0,69.0
58323,2018-07-09,11.41,0.0,0.0,72.0
58324,2018-07-10,9.62,0.0,0.0,77.0
58325,2018-07-11,10.07,0.0,0.0,78.0
58326,2018-07-12,7.16,0.0,0.0,74.0
58327,2018-07-13,9.84,0.0,0.0,74.0
58328,2018-07-14,12.08,0.28,0.0,76.0
58329,2018-07-15,9.17,0.6,0.0,75.0
58330,2018-07-16,11.18,0.0,0.0,78.0
58331,2018-07-17,10.51,0.68,0.0,76.0
58332,2018-07-18,12.75,0.0,0.0,76.0
58333,2018-07-19,8.72,0.0,0.0,75.0
58334,2018-07-20,8.5,0.0,0.0,74.0
58335,2018-07-21,14.32,0.58,0.0,72.0
58336,2018-07-22,19.01,0.93,0.0,73.0
58337,2018-07-23,16.78,0.07,0.0,75.0
58338,2018-07-24,17.22,0.0,0.0,77.0
58339,2018-07-25,15.66,0.3,0.0,76.0
58340,2018-07-26,10.96,0.0,0.0,77.0
58341,2018-07-27,7.61,1.17,0.0,78.0
58342,2018-07-28,6.71,0.0,0.0,76.0
58343,2018-07-29,11.41,0.0,0.0,77.0
58344,2018-07-30,6.04,0.02,0.0,75.0
58345,2018-07-31,7.83,0.0,0.0,73.0
58346,2018-08-01,15.43,0.02,0.0,78.0
58347,2018-08-02,14.32,0.02,0.0,80.0
58348,2018-08-03,11.18,0.05,0.0,78.0
58349,2018-08-04,10.96,0.17,0.0,77.0
58350,2018-08-05,7.83,0.0,0.0,81.0
58351,2018-08-06,10.74,0.0,0.0,82.0
58352,2018-08-07,12.3,0.74,0.0,80.0
58353,2018-08-08,9.62,0.01,0.0,78.0
58354,2018-08-09,9.62,0.3,0.0,82.0
58355,2018-08-10,8.28,0.0,0.0,80.0
58356,2018-08-11,7.61,0.33,0.0,75.0
58357,2018-08-12,6.49,1.84,0.0,76.0
58358,2018-08-13,9.17,0.6,0.0,74.0
58359,2018-08-14,9.62,0.14,0.0,75.0
58360,2018-08-15,11.41,0.0,0.0,78.0
58361,2018-08-16,9.4,0.0,0.0,82.0
58362,2018-08-17,11.41,0.03,0.0,80.0
58363,2018-08-18,10.29,0.14,0.0,79.0
58364,2018-08-19,11.41,0.02,0.0,71.0
58365,2018-08-20,7.16,0.0,0.0,70.0
58366,2018-08-21,10.07,0.0,0.0,70.0
58367,2018-08-22,13.2,0.26,0.0,77.0
58368,2018-08-23,11.18,0.01,0.0,74.0
58369,2018-08-24,6.49,0.0,0.0,74.0
58370,2018-08-25,6.49,0.0,0.0,73.0
58371,2018-08-26,11.41,0.0,0.0,73.0
58372,2018-08-27,8.72,0.0,0.0,79.0
58373,2018-08-28,10.29,0.0,0.0,82.0
58374,2018-08-29,9.84,0.0,0.0,84.0
58375,2018-08-30,10.51,0.0,0.0,83.0
58376,2018-08-31,13.65,0.0,0.0,76.0
58377,2018-09-01,8.72,0.01,0.0,72.0
58378,2018-09-02,7.38,0.0,0.0,72.0
58379,2018-09-03,9.84,0.0,0.0,78.0
58380,2018-09-04,6.49,0.0,0.0,83.0
58381,2018-09-05,8.28,0.0,0.0,80.0
58382,2018-09-06,10.51,0.69,0.0,80.0
58383,2018-09-07,8.95,0.0,0.0,74.0
58384,2018-09-08,12.08,0.04,0.0,69.0
58385,2018-09-09,12.53,0.44,0.0,61.0
58386,2018-09-10,14.54,1.25,0.0,60.0
58387,2018-09-11,4.03,0.27,0.0,68.0
58388,2018-09-12,3.8,0.04,0.0,74.0
58389,2018-09-13,9.17,0.11,0.0,72.0
58390,2018-09-14,9.17,0.0,0.0,71.0
58391,2018-09-15,5.37,0.0,0.0,71.0
58392,2018-09-16,5.37,0.0,0.0,72.0
58393,2018-09-17,8.95,0.0,0.0,72.0
58394,2018-09-18,12.3,0.67,0.0,75.0
58395,2018-09-19,9.84,0.0,0.0,74.0
58396,2018-09-20,6.93,0.0,0.0,68.0
58397,2018-09-21,14.76,0.0,0.0,69.0
58398,2018-09-22,12.75,0.0,0.0,72.0
58399,2018-09-23,6.04,0.04,0.0,63.0
58400,2018-09-24,13.42,0.0,0.0,63.0
58401,2018-09-25,14.99,0.81,0.0,65.0
58402,2018-09-26,13.42,0.36,0.0,73.0
58403,2018-09-27,12.75,0.0,0.0,69.0
58404,2018-09-28,10.51,1.26,0.0,62.0
58405,2018-09-29,7.61,0.0,0.0,65.0
58406,2018-09-30,7.61,0.0,0.0,63.0
58407,2018-10-01,10.74,0.0,0.0,68.0
58408,2018-10-02,12.75,0.33,0.0,70.0
58409,2018-10-03,8.72,0.0,0.0,70.0
58410,2018-10-04,7.38,0.04,0.0,67.0
58411,2018-10-05,10.51,0.0,0.0,67.0
58412,2018-10-06,9.62,0.0,0.0,64.0
58413,2018-10-07,7.61,0.0,0.0,71.0
58414,2018-10-08,10.51,0.0,0.0,67.0
58415,2018-10-09,6.71,0.0,0.0,69.0
58416,2018-10-10,8.05,0.0,0.0,70.0
58417,2018-10-11,10.96,1.03,0.0,72.0
58418,2018-10-12,18.34,0.77,0.0,64.0
58419,2018-10-13,8.5,0.05,0.0,53.0
58420,2018-10-14,6.71,0.0,0.0,53.0
58421,2018-10-15,12.53,0.07,0.0,59.0
58422,2018-10-16,16.11,0.01,0.0,56.0
58423,2018-10-17,18.57,0.0,0.0,55.0
58424,2018-10-18,15.21,0.0,0.0,48.0
58425,2018-10-19,13.87,0.0,0.0,50.0
58426,2018-10-20,14.09,0.08,0.0,58.0
58427,2018-10-21,19.69,0.01,0.0,49.0
58428,2018-10-22,11.18,0.0,0.0,44.0
58429,2018-10-23,11.86,0.0,0.0,54.0
58430,2018-10-24,17.0,0.0,0.0,51.0
58431,2018-10-25,13.42,0.0,0.0,47.0
58432,2018-10-26,5.59,0.03,0.0,43.0
58433,2018-10-27,20.58,0.84,0.0,48.0
58434,2018-10-28,11.86,0.05,0.0,50.0
58435,2018-10-29,15.88,0.01,0.0,53.0
58436,2018-10-30,12.3,0.0,0.0,50.0
58437,2018-10-31,9.62,0.0,0.0,51.0
58438,2018-11-01,10.51,0.0,0.0,58.0
58439,2018-11-02,20.58,0.06,0.0,63.0
58440,2018-11-03,17.9,0.24,0.0,59.0
58441,2018-11-04,6.93,0.0,0.0,50.0
58442,2018-11-05,12.53,0.27,0.0,49.0
58443,2018-11-06,8.5,0.49,0.0,53.0
58444,2018-11-07,14.99,0.0,0.0,57.0
58445,2018-11-08,10.51,0.0,0.0,53.0
58446,2018-11-09,10.51,0.86,0.0,47.0
58447,2018-11-10,18.12,0.01,0.0,47.0
58448,2018-11-11,9.84,0.0,0.0,40.0
58449,2018-11-12,3.8,0.04,0.0,41.0
58450,2018-11-13,14.09,1.16,0.0,48.0
58451,2018-11-14,17.0,0.0,0.0,40.0
58452,2018-11-15,15.21,0.89,0.0,33.0
58453,2018-11-16,20.8,0.16,1.2,40.0
58454,2018-11-17,14.32,0.0,0.0,43.0
58455,2018-11-18,6.26,0.0,0.0,42.0
58456,2018-11-19,4.47,0.0,0.0,44.0
58457,2018-11-20,10.74,0.01,0.0,46.0
58458,2018-11-21,18.57,0.0,0.0,41.0
58459,2018-11-22,19.01,0.0,0.0,26.0
58460,2018-11-23,8.28,0.0,0.0,22.0
58461,2018-11-24,8.5,1.2,0.0,36.0
58462,2018-11-25,12.3,1.22,0.0,50.0
58463,2018-11-26,12.3,1.17,0.0,48.0
58464,2018-11-27,20.13,0.0,0.0,44.0
58465,2018-11-28,20.8,0.0,0.0,39.0
58466,2018-11-29,19.01,0.0,0.0,42.0
58467,2018-11-30,4.25,0.02,0.0,39.0
58468,2018-12-01,5.59,0.06,0.0,40.0
58469,2018-12-02,8.05,0.87,0.0,48.0
58470,2018-12-03,14.09,0.0,0.0,53.0
58471,2018-12-04,16.33,0.0,0.0,42.0
58472,2018-12-05,8.05,0.0,0.0,32.0
58473,2018-12-06,14.76,0.0,0.0,35.0
58474,2018-12-07,15.21,0.0,0.0,37.0
58475,2018-12-08,10.74,0.0,0.0,30.0
58476,2018-12-09,4.92,0.0,0.0,31.0
58477,2018-12-10,9.84,0.0,0.0,33.0
58478,2018-12-11,7.16,0.0,0.0,33.0
58479,2018-12-12,11.41,0.0,0.0,36.0
58480,2018-12-13,9.4,0.09,0.0,35.0
58481,2018-12-14,7.61,0.11,0.0,45.0
58482,2018-12-15,10.51,0.15,0.0,49.0
58483,2018-12-16,18.12,1.16,0.0,44.0
58484,2018-12-17,18.34,0.0,0.0,41.0
58485,2018-12-18,21.03,0.0,0.0,37.0
58486,2018-12-19,8.5,0.0,0.0,32.0
58487,2018-12-20,6.71,0.28,0.0,38.0
58488,2018-12-21,19.01,1.73,0.0,53.0
58489,2018-12-22,20.8,0.02,0.0,48.0
58490,2018-12-23,9.62,0.01,0.0,40.0
58491,2018-12-24,10.07,0.07,0.0,39.0
58492,2018-12-25,13.42,0.0,0.0,38.0
58493,2018-12-26,10.07,0.0,0.0,37.0
58494,2018-12-27,8.72,0.0,0.0,40.0
58495,2018-12-28,13.65,0.98,0.0,46.0
58496,2018-12-29,15.43,0.0,0.0,50.0
58497,2018-12-30,5.37,0.0,0.0,37.0
58498,2018-12-31,9.17,1.23,0.0,37.0
58499,2019-01-01,18.34,0.11,0.0,51.0
20759,2019-01-01,18.34,0.11,0.0,51.0
20760,2019-01-02,8.28,0.0,0.0,38.0
20761,2019-01-03,11.41,0.0,0.0,41.0
20762,2019-01-04,11.63,0.0,0.0,39.0
20763,2019-01-05,11.86,0.4,0.0,44.0
20764,2019-01-06,18.12,0.0,0.0,44.0
20765,2019-01-07,10.51,0.0,0.0,30.0
20766,2019-01-08,7.83,0.17,0.0,40.0
20767,2019-01-09,21.25,0.07,0.0,43.0
20768,2019-01-10,23.94,0.0,0.0,34.0
20769,2019-01-11,19.01,0.0,0.0,28.0
20770,2019-01-12,6.49,0.0,0.0,26.0
20771,2019-01-13,10.51,0.0,0.0,29.0
20772,2019-01-14,12.08,0.0,0.0,27.0
20773,2019-01-15,6.71,0.0,0.0,29.0
20774,2019-01-16,12.97,0.0,0.0,32.0
20775,2019-01-17,8.05,0.0,0.0,31.0
20776,2019-01-18,7.61,0.04,1.2,33.0
20777,2019-01-19,9.62,0.41,0.0,35.0
20778,2019-01-20,19.69,1.23,0.0,38.0
20779,2019-01-21,27.51,0.0,0.0,12.0
20780,2019-01-22,11.41,0.0,0.0,19.0
20781,2019-01-23,13.65,0.0,0.0,34.0
20782,2019-01-24,21.25,1.37,0.0,47.0
20783,2019-01-25,16.55,0.0,0.0,36.0
20784,2019-01-26,9.4,0.0,0.0,29.0
20785,2019-01-27,14.54,0.0,0.0,37.0
20786,2019-01-28,11.18,0.0,0.0,32.0
20787,2019-01-29,10.51,0.21,0.0,31.0
20788,2019-01-30,21.03,0.0,0.0,29.0
20789,2019-01-31,16.55,0.0,0.0,9.0
20790,2019-02-01,9.84,0.0,0.0,16.0
20791,2019-02-02,12.3,0.0,0.0,23.0
20792,2019-02-03,7.38,0.0,0.0,35.0
20793,2019-02-04,4.92,0.0,0.0,40.0
20794,2019-02-05,6.04,0.0,0.0,43.0
20795,2019-02-06,10.51,0.5,0.0,42.0
20796,2019-02-07,8.95,0.15,0.0,41.0
20797,2019-02-08,15.21,0.15,0.0,43.0
20798,2019-02-09,21.03,0.0,0.0,31.0
20799,2019-02-10,9.4,0.0,0.0,28.0
20800,2019-02-11,6.04,0.0,0.0,33.0
20801,2019-02-12,14.76,0.86,0.0,31.0
20802,2019-02-13,16.55,0.03,1.2,37.0
20803,2019-02-14,14.09,0.0,0.0,37.0
20804,2019-02-15,16.33,0.0,0.0,43.0
20805,2019-02-16,16.11,0.0,0.0,42.0
20806,2019-02-17,9.17,0.04,0.0,31.0
20807,2019-02-18,14.09,0.09,0.0,36.0
20808,2019-02-19,13.65,0.0,0.0,29.0
20809,2019-02-20,7.16,0.66,0.0,29.0
20810,2019-02-21,12.53,0.17,1.2,39.0
20811,2019-02-22,12.75,0.0,0.0,43.0
20812,2019-02-23,7.38,0.0,0.0,37.0
20813,2019-02-24,15.43,0.9,0.0,42.0
20814,2019-02-25,29.3,0.0,0.0,41.0
20815,2019-02-26,17.67,0.0,0.0,31.0
20816,2019-02-27,8.28,0.0,0.0,26.0
20817,2019-02-28,12.08,0.01,0.0,31.0
20818,2019-03-01,9.62,0.03,0.0,31.0
20819,2019-03-02,10.51,0.56,3.1,34.0
20820,2019-03-03,8.05,0.57,1.2,38.0
20821,2019-03-04,15.43,0.44,2.0,35.0
20822,2019-03-05,14.09,0.0,1.2,28.0
20823,2019-03-06,17.9,0.0,1.2,24.0
20824,2019-03-07,13.42,0.0,0.0,25.0
20825,2019-03-08,5.82,0.0,0.0,29.0
20826,2019-03-09,7.38,0.0,0.0,38.0
20827,2019-03-10,12.3,0.87,0.0,39.0
20828,2019-03-11,16.78,0.0,0.0,47.0
20829,2019-03-12,18.34,0.0,0.0,41.0
20830,2019-03-13,7.83,0.0,0.0,36.0
20831,2019-03-14,12.08,0.0,0.0,44.0
20832,2019-03-15,17.22,0.16,0.0,49.0
20833,2019-03-16,20.8,0.0,0.0,50.0
20834,2019-03-17,13.2,0.0,0.0,39.0
20835,2019-03-18,7.83,0.0,0.0,37.0
20836,2019-03-19,9.62,0.0,0.0,39.0
20837,2019-03-20,8.5,0.0,0.0,40.0
20838,2019-03-21,14.32,0.63,0.0,44.0
20839,2019-03-22,22.15,0.59,0.0,45.0
20840,2019-03-23,24.61,0.0,0.0,41.0
20841,2019-03-24,12.3,0.0,0.0,45.0
20842,2019-03-25,9.62,0.0,0.0,51.0
20843,2019-03-26,15.21,0.0,0.0,42.0
20844,2019-03-27,9.4,0.0,0.0,38.0
20845,2019-03-28,12.53,0.0,0.0,40.0
20846,2019-03-29,7.16,0.0,0.0,47.0
20847,2019-03-30,15.43,0.0,0.0,51.0
20848,2019-03-31,19.24,0.11,0.0,50.0
20849,2019-04-01,16.78,0.0,0.0,40.0
20850,2019-04-02,11.63,0.05,0.0,40.0
20851,2019-04-03,19.91,0.01,0.0,50.0
20852,2019-04-04,13.2,0.0,0.0,53.0
20853,2019-04-05,10.29,0.23,0.0,42.0
20854,2019-04-06,8.05,0.0,0.0,47.0
20855,2019-04-07,10.29,0.0,0.0,54.0
20856,2019-04-08,7.61,0.27,0.0,56.0
20857,2019-04-09,8.5,0.01,0.0,48.0
20858,2019-04-10,14.32,0.0,0.0,51.0
20859,2019-04-11,7.83,0.0,0.0,44.0
20860,2019-04-12,14.09,0.61,0.0,51.0
20861,2019-04-13,10.51,0.36,0.0,57.0
20862,2019-04-14,9.62,0.0,0.0,56.0
20863,2019-04-15,24.38,0.52,0.0,56.0
20864,2019-04-16,18.57,0.0,0.0,52.0
20865,2019-04-17,9.62,0.0,0.0,53.0
20866,2019-04-18,18.34,0.0,0.0,52.0
20867,2019-04-19,21.7,0.02,0.0,58.0
20868,2019-04-20,17.22,0.56,0.0,58.0
20869,2019-04-21,9.62,0.01,0.0,55.0
20870,2019-04-22,10.51,0.48,0.0,55.0
20871,2019-04-23,9.4,0.0,0.0,61.0
20872,2019-04-24,12.75,0.03,0.0,63.0
20873,2019-04-25,8.28,0.03,0.0,54.0
20874,2019-04-26,13.42,1.11,0.0,54.0
20875,2019-04-27,18.34,0.04,0.0,55.0
20876,2019-04-28,9.84,0.01,0.0,50.0
20877,2019-04-29,9.84,0.04,0.0,49.0
20878,2019-04-30,5.14,0.09,0.0,51.0
20879,2019-05-01,8.5,0.02,0.0,52.0
20880,2019-05-02,8.95,0.18,0.0,54.0
20881,2019-05-03,5.82,0.21,0.0,52.0
20882,2019-05-04,6.04,0.1,0.0,56.0
20883,2019-05-05,11.41,1.52,0.0,55.0
20884,2019-05-06,9.4,0.01,0.0,56.0
20885,2019-05-07,10.07,0.04,0.0,56.0
20886,2019-05-08,8.28,0.0,0.0,60.0
20887,2019-05-09,13.87,0.0,0.0,54.0
20888,2019-05-10,13.42,0.01,0.0,58.0
20889,2019-05-11,9.84,0.02,0.0,62.0
20890,2019-05-12,13.87,1.07,0.0,51.0
20891,2019-05-13,10.51,0.65,0.0,46.0
20892,2019-05-14,6.71,0.12,0.0,47.0
20893,2019-05-15,10.51,0.03,0.0,53.0
20894,2019-05-16,8.95,0.05,0.0,60.0
20895,2019-05-17,6.71,0.25,0.0,62.0
20896,2019-05-18,10.51,0.0,0.0,64.0
20897,2019-05-19,14.32,0.14,0.0,62.0
20898,2019-05-20,12.08,0.0,0.0,69.0
20899,2019-05-21,20.58,0.0,0.0,68.0
20900,2019-05-22,10.29,0.0,0.0,65.0
20901,2019-05-23,10.51,0.41,0.0,62.0
20902,2019-05-24,18.34,0.0,0.0,69.0
20903,2019-05-25,12.3,0.0,0.0,62.0
20904,2019-05-26,10.07,0.15,0.0,68.0
20905,2019-05-27,10.29,0.0,0.0,73.0
20906,2019-05-28,11.41,0.12,0.0,65.0
20907,2019-05-29,8.95,0.43,0.0,64.0
20908,2019-05-30,6.26,1.23,0.0,59.0
20909,2019-05-31,10.07,0.0,0.0,69.0
20910,2019-06-01,6.93,0.0,0.0,68.0
20911,2019-06-02,8.5,0.25,0.0,68.0
20912,2019-06-03,12.97,0.0,0.0,67.0
20913,2019-06-04,12.75,0.0,0.0,62.0
20914,2019-06-05,12.3,0.16,0.0,67.0
20915,2019-06-06,8.5,0.46,0.0,73.0
20916,2019-06-07,6.04,0.0,0.0,71.0
20917,2019-06-08,10.29,0.0,0.0,68.0
20918,2019-06-09,11.18,0.0,0.0,65.0
20919,2019-06-10,11.63,0.46,0.0,63.0
20920,2019-06-11,16.33,0.2,0.0,70.0
20921,2019-06-12,9.84,0.0,0.0,67.0
20922,2019-06-13,10.51,0.64,0.0,62.0
20923,2019-06-14,15.21,0.0,0.0,65.0
20924,2019-06-15,14.32,0.0,0.0,68.0
20925,2019-06-16,10.51,0.12,0.0,69.0
20926,2019-06-17,5.59,0.0,0.0,71.0
20927,2019-06-18,5.37,1.38,0.0,69.0
20928,2019-06-19,7.83,0.03,0.0,67.0
20929,2019-06-20,7.61,0.75,0.0,69.0
20930,2019-06-21,14.32,0.58,0.0,72.0
20931,2019-06-22,14.99,0.0,0.0,73.0
20932,2019-06-23,12.3,0.0,0.0,74.0
20933,2019-06-24,9.62,0.0,0.0,75.0
20934,2019-06-25,6.49,0.21,0.0,73.0
20935,2019-06-26,10.29,0.0,0.0,76.0
20936,2019-06-27,6.49,0.0,0.0,78.0
20937,2019-06-28,5.82,0.0,0.0,79.0
20938,2019-06-29,10.51,0.03,0.0,78.0
20939,2019-06-30,16.11,0.06,0.0,78.0
20940,2019-07-01,10.29,0.0,0.0,75.0
20941,2019-07-02,8.05,0.03,0.0,78.0
20942,2019-07-03,5.59,0.06,0.0,79.0
20943,2019-07-04,6.04,0.0,0.0,78.0
20944,2019-07-05,7.16,0.0,0.0,76.0
20945,2019-07-06,9.4,0.0,0.0,79.0
20946,2019-07-07,9.62,0.0,0.0,78.0
20947,2019-07-08,5.82,0.01,0.0,72.0
20948,2019-07-09,9.62,0.0,0.0,76.0
20949,2019-07-10,10.29,0.0,0.0,78.0
20950,2019-07-11,10.74,0.72,0.0,77.0
20951,2019-07-12,12.08,0.0,0.0,79.0
20952,2019-07-13,10.96,0.0,0.0,78.0
20953,2019-07-14,12.08,0.0,0.0,81.0
20954,2019-07-15,10.96,0.0,0.0,78.0
20955,2019-07-16,10.74,0.0,0.0,78.0
20956,2019-07-17,11.18,0.79,0.0,80.0
20957,2019-07-18,7.38,0.09,0.0,78.0
20958,2019-07-19,8.5,0.0,0.0,76.0
20959,2019-07-20,11.41,0.0,0.0,86.0
20960,2019-07-21,11.63,0.03,0.0,89.0
20961,2019-07-22,9.4,1.59,0.0,84.0
20962,2019-07-23,8.5,2.07,0.0,73.0
20963,2019-07-24,7.38,0.0,0.0,73.0
20964,2019-07-25,7.83,0.0,0.0,76.0
20965,2019-07-26,6.71,0.0,0.0,77.0
20966,2019-07-27,9.4,0.0,0.0,76.0
20967,2019-07-28,12.3,0.0,0.0,78.0
20968,2019-07-29,10.07,0.0,0.0,81.0
20969,2019-07-30,11.41,0.0,0.0,81.0
20970,2019-07-31,7.16,0.0,0.0,78.0
20971,2019-08-01,6.93,0.0,0.0,78.0
20972,2019-08-02,7.61,0.0,0.0,77.0
20973,2019-08-03,9.62,0.01,0.0,77.0
20974,2019-08-04,6.49,0.0,0.0,79.0
20975,2019-08-05,7.61,0.0,0.0,76.0
20976,2019-08-06,7.38,0.0,0.0,74.0
20977,2019-08-07,11.41,1.0,0.0,76.0
20978,2019-08-08,10.51,0.0,0.0,75.0
20979,2019-08-09,9.84,0.04,0.0,76.0
20980,2019-08-10,12.53,0.0,0.0,76.0
20981,2019-08-11,9.17,0.0,0.0,73.0
20982,2019-08-12,12.08,0.0,0.0,76.0
20983,2019-08-13,7.61,0.07,0.0,75.0
20984,2019-08-14,5.37,0.26,0.0,74.0
20985,2019-08-15,8.5,0.0,0.0,73.0
20986,2019-08-16,7.83,0.0,0.0,72.0
20987,2019-08-17,6.04,0.0,0.0,77.0
20988,2019-08-18,8.05,0.0,0.0,78.0
20989,2019-08-19,8.72,0.15,0.0,78.0
20990,2019-08-20,7.61,0.0,0.0,79.0
20991,2019-08-21,9.84,0.37,0.0,78.0
20992,2019-08-22,10.51,0.79,0.0,80.0
20993,2019-08-23,9.17,0.02,0.0,72.0
20994,2019-08-24,8.72,0.0,0.0,70.0
20995,2019-08-25,13.42,0.0,0.0,69.0
20996,2019-08-26,9.17,0.0,0.0,67.0
20997,2019-08-27,6.93,0.0,0.0,66.0
20998,2019-08-28,6.71,0.45,0.0,69.0
20999,2019-08-29,10.96,0.0,0.0,74.0
21000,2019-08-30,10.74,0.0,0.0,74.0
21001,2019-08-31,7.61,0.0,0.0,75.0
21002,2019-09-01,10.51,0.0,0.0,70.0
21003,2019-09-02,9.84,0.64,0.0,71.0
21004,2019-09-03,7.83,0.0,0.0,74.0
21005,2019-09-04,10.51,0.16,0.0,73.0
21006,2019-09-05,7.83,0.0,0.0,71.0
21007,2019-09-06,14.54,0.25,0.0,64.0
21008,2019-09-07,12.53,0.04,0.0,65.0
21009,2019-09-08,7.38,0.0,0.0,69.0
21010,2019-09-09,8.05,0.0,0.0,70.0
21011,2019-09-10,8.95,0.0,0.0,70.0
21012,2019-09-11,11.18,0.0,0.0,73.0
21013,2019-09-12,10.29,0.01,0.0,76.0
21014,2019-09-13,12.3,0.0,0.0,64.0
21015,2019-09-14,11.86,0.0,0.0,68.0
21016,2019-09-15,7.16,0.0,0.0,74.0
21017,2019-09-16,5.14,0.0,0.0,72.0
21018,2019-09-17,8.95,0.0,0.0,69.0
21019,2019-09-18,9.62,0.0,0.0,63.0
21020,2019-09-19,6.93,0.0,0.0,58.0
21021,2019-09-20,10.07,0.0,0.0,65.0
21022,2019-09-21,6.93,0.0,0.0,70.0
21023,2019-09-22,9.62,0.0,0.0,70.0
21024,2019-09-23,12.3,0.0,0.0,74.0
21025,2019-09-24,13.65,0.0,0.0,74.0
21026,2019-09-25,9.4,0.0,0.0,68.0
21027,2019-09-26,11.86,0.0,0.0,69.0
21028,2019-09-27,8.28,0.0,0.0,66.0
21029,2019-09-28,13.42,0.0,0.0,69.0
21030,2019-09-29,9.62,0.0,0.0,74.0
21031,2019-09-30,10.29,0.0,0.0,66.0
21032,2019-10-01,12.53,0.0,0.0,68.0
21033,2019-10-02,13.65,0.35,0.0,77.0
21034,2019-10-03,12.08,0.32,0.0,60.0
21035,2019-10-04,16.78,0.0,0.0,62.0
21036,2019-10-05,8.5,0.0,0.0,52.0
21037,2019-10-06,15.88,0.0,0.0,63.0
21038,2019-10-07,17.67,0.0,0.0,70.0
21039,2019-10-08,12.97,0.01,0.0,62.0
21040,2019-10-09,16.55,0.64,0.0,57.0
21041,2019-10-10,18.34,0.0,0.0,60.0
21042,2019-10-11,18.57,0.0,0.0,60.0
21043,2019-10-12,8.95,0.0,0.0,59.0
21044,2019-10-13,7.61,0.0,0.0,60.0
21045,2019-10-14,7.83,0.0,0.0,62.0
21046,2019-10-15,6.49,0.0,0.0,59.0
21047,2019-10-16,16.78,1.02,0.0,59.0
21048,2019-10-17,26.4,0.0,0.0,56.0
21049,2019-10-18,16.78,0.0,0.0,55.0
21050,2019-10-19,7.61,0.0,0.0,50.0
21051,2019-10-20,8.28,0.58,0.0,53.0
21052,2019-10-21,9.17,0.0,0.0,57.0
21053,2019-10-22,11.18,0.46,0.0,56.0
21054,2019-10-23,14.09,0.05,0.0,62.0
21055,2019-10-24,9.62,0.0,0.0,57.0
21056,2019-10-25,7.38,0.0,0.0,56.0
21057,2019-10-26,7.83,0.0,0.0,58.0
21058,2019-10-27,14.32,0.9,0.0,60.0
21059,2019-10-28,8.5,0.02,0.0,58.0
21060,2019-10-29,7.38,0.07,0.0,56.0
21061,2019-10-30,5.37,0.07,0.0,61.0
21062,2019-10-31,23.04,0.19,0.0,64.0
21063,2019-11-01,19.24,0.05,0.0,56.0
21064,2019-11-02,5.82,0.0,0.0,45.0
21065,2019-11-03,10.74,0.0,0.0,48.0
21066,2019-11-04,9.4,0.0,0.0,48.0
21067,2019-11-05,10.74,0.0,0.0,56.0
21068,2019-11-06,10.51,0.0,0.0,52.0
21069,2019-11-07,12.75,0.02,0.0,52.0
21070,2019-11-08,18.57,0.0,0.0,40.0
21071,2019-11-09,8.95,0.0,0.0,33.0
21072,2019-11-10,10.74,0.0,0.0,44.0
21073,2019-11-11,5.59,0.0,0.0,51.0
21074,2019-11-12,17.22,0.02,0.0,47.0
21075,2019-11-13,14.99,0.0,0.0,28.0
21076,2019-11-14,8.5,0.0,0.0,33.0
21077,2019-11-15,10.51,0.0,0.0,43.0
21078,2019-11-16,14.32,0.0,0.0,40.0
21079,2019-11-17,18.34,0.0,0.0,36.0
21080,2019-11-18,11.41,0.46,0.0,40.0
21081,2019-11-19,8.28,0.17,0.0,44.0
21082,2019-11-20,15.21,0.0,0.0,44.0
21083,2019-11-21,8.28,0.0,0.0,44.0
21084,2019-11-22,15.66,0.04,0.0,49.0
21085,2019-11-23,8.72,0.04,0.0,40.0
21086,2019-11-24,15.21,0.72,0.0,44.0
21087,2019-11-25,10.29,0.0,0.0,44.0
21088,2019-11-26,6.93,0.0,0.0,47.0
21089,2019-11-27,11.63,0.01,0.0,50.0
21090,2019-11-28,24.16,0.0,0.0,50.0
21091,2019-11-29,16.55,0.0,0.0,37.0
21092,2019-11-30,10.96,0.0,0.0,36.0
21093,2019-12-01,14.32,0.59,0.0,33.0
21094,2019-12-02,17.67,0.37,0.0,38.0
21095,2019-12-03,19.01,0.0,1.2,33.0
21096,2019-12-04,12.08,0.0,0.0,36.0
21097,2019-12-05,17.0,0.0,0.0,39.0
21098,2019-12-06,14.76,0.0,0.0,40.0
21099,2019-12-07,14.54,0.0,0.0,38.0
21100,2019-12-08,6.93,0.0,0.0,33.0
21101,2019-12-09,10.96,1.71,0.0,46.0
21102,2019-12-10,11.41,0.09,0.0,53.0
21103,2019-12-11,12.3,0.35,1.2,38.0
21104,2019-12-12,9.62,0.0,0.0,31.0
21105,2019-12-13,8.72,1.15,0.0,39.0
21106,2019-12-14,13.87,1.62,0.0,53.0
21107,2019-12-15,19.69,0.0,0.0,46.0
21108,2019-12-16,8.95,0.22,0.0,36.0
21109,2019-12-17,12.97,1.07,0.0,34.0
21110,2019-12-18,17.9,0.0,0.0,34.0
21111,2019-12-19,19.24,0.0,0.0,23.0
21112,2019-12-20,12.53,0.0,0.0,27.0
21113,2019-12-21,5.59,0.0,0.0,28.0
21114,2019-12-22,10.74,0.0,0.0,35.0
21115,2019-12-23,10.96,0.0,0.0,41.0
21116,2019-12-24,11.18,0.0,0.0,43.0
21117,2019-12-25,4.25,0.0,0.0,37.0
21118,2019-12-26,8.05,0.0,0.0,38.0
21119,2019-12-27,8.05,0.0,0.0,48.0
21120,2019-12-28,8.5,0.0,0.0,47.0
21121,2019-12-29,6.49,0.36,0.0,41.0
21122,2019-12-30,18.79,0.5,0.0,42.0
21123,2019-12-31,11.41,0.0,0.0,40.0
21124,2020-01-01,17.67,0.0,0.0,40.0
